job name;company;location;offer date;position;source;url
Cielis;Cielis;Paris - 75;477,07 - 1 766,92 eur par mois 05/05/2024;Acheteur;Hello Work;https://www.hellowork.com/fr-fr/emploi/recherche.html?k=Acheteur&l=Paris&p=1&mode=pagination
Nextgen RH;Nextgen RH;Paris - 75;23-04-2024;Acheteur;Hello Work;https://www.hellowork.com/fr-fr/emploi/recherche.html?k=Acheteur&l=Paris&p=1&mode=pagination
Skills Paris;Skills Paris;Paris - 75;télétravail occasionnel 38 000 - 42 000 eur par an 22/04/2024;Acheteur;Hello Work;https://www.hellowork.com/fr-fr/emploi/recherche.html?k=Acheteur&l=Paris&p=1&mode=pagination
LA POSTE GROUPE;LA POSTE GROUPE;Paris - 75;12 mois 477,07 - 1 766,92 eur par mois 04/05/2024;Acheteur;Hello Work;https://www.hellowork.com/fr-fr/emploi/recherche.html?k=Acheteur&l=Paris&p=1&mode=pagination
Hoche Recrutement;Hoche Recrutement;Paris - 75;télétravail partiel il y a 19 heures;Acheteur;Hello Work;https://www.hellowork.com/fr-fr/emploi/recherche.html?k=Acheteur&l=Paris&p=1&mode=pagination
Apave;Apave;Paris - 75;27-04-2024;Acheteur;Hello Work;https://www.hellowork.com/fr-fr/emploi/recherche.html?k=Acheteur&l=Paris&p=1&mode=pagination
Wonderbox;Wonderbox;Paris - 75;25-04-2024;Acheteur;Hello Work;https://www.hellowork.com/fr-fr/emploi/recherche.html?k=Acheteur&l=Paris&p=1&mode=pagination
ICD Business School Paris;ICD Business School Paris;Paris - 75;24 mois 20 966,40 eur par an 28/04/2024;Acheteur;Hello Work;https://www.hellowork.com/fr-fr/emploi/recherche.html?k=Acheteur&l=Paris&p=1&mode=pagination
Galeries Lafayette;Galeries Lafayette;Paris - 75;télétravail partiel 6 mois 21 203,04 eur par an 26/04/2024;Acheteur;Hello Work;https://www.hellowork.com/fr-fr/emploi/recherche.html?k=Acheteur&l=Paris&p=1&mode=pagination
Galeries Lafayette;Galeries Lafayette;Paris - 75;télétravail partiel 1 an 21 203,04 eur par an 28/04/2024;Acheteur;Hello Work;https://www.hellowork.com/fr-fr/emploi/recherche.html?k=Acheteur&l=Paris&p=1&mode=pagination
Deleev;Deleev;Paris - 75;35 000 - 50 000 eur par an 29/04/2024;Acheteur;Hello Work;https://www.hellowork.com/fr-fr/emploi/recherche.html?k=Acheteur&l=Paris&p=1&mode=pagination
Galeries Lafayette Super recruteur;Galeries Lafayette;Paris - 75;télétravail partiel 12 mois;Acheteur;Hello Work;https://www.hellowork.com/fr-fr/emploi/recherche.html?k=Acheteur&l=Paris&p=2&mode=pagination
MEOTEC;MEOTEC;Paris - 75;télétravail occasionnel;Acheteur;Hello Work;https://www.hellowork.com/fr-fr/emploi/recherche.html?k=Acheteur&l=Paris&p=2&mode=pagination
LA POSTE GROUPE;LA POSTE GROUPE;Paris - 75;cdi 30/04/2024;Acheteur;Hello Work;https://www.hellowork.com/fr-fr/emploi/recherche.html?k=Acheteur&l=Paris&p=2&mode=pagination
LA POSTE GROUPE;LA POSTE GROUPE;Paris - 75;cdd 03/05/2024;Acheteur;Hello Work;https://www.hellowork.com/fr-fr/emploi/recherche.html?k=Acheteur&l=Paris&p=2&mode=pagination
Groupe Air Liquide;Groupe Air Liquide;Paris - 75;alternance - siège social - acheteur indirect 477,07 - 1 766,92 eur par mois;Acheteur;Hello Work;https://www.hellowork.com/fr-fr/emploi/recherche.html?k=Acheteur&l=Paris&p=2&mode=pagination
Epitech;Epitech;Paris - 75;cdi 17/04/2024;Acheteur;Hello Work;https://www.hellowork.com/fr-fr/emploi/recherche.html?k=Acheteur&l=Paris&p=2&mode=pagination
LA POSTE GROUPE;LA POSTE GROUPE;Paris - 75;cdd 29/04/2024;Acheteur;Hello Work;https://www.hellowork.com/fr-fr/emploi/recherche.html?k=Acheteur&l=Paris&p=2&mode=pagination
Mobilize Financial Services;Mobilize Financial Services;Paris - 75;alternance 12 mois 21/04/2024;Acheteur;Hello Work;https://www.hellowork.com/fr-fr/emploi/recherche.html?k=Acheteur&l=Paris&p=2&mode=pagination
Groupe Beaumanoir;Groupe Beaumanoir;Paris - 75;cdi 22/04/2024;Acheteur;Hello Work;https://www.hellowork.com/fr-fr/emploi/recherche.html?k=Acheteur&l=Paris&p=2&mode=pagination
Noz;Noz;Paris - 75;cdi 01/05/2024;Acheteur;Hello Work;https://www.hellowork.com/fr-fr/emploi/recherche.html?k=Acheteur&l=Paris&p=2&mode=pagination
Axa group operations;Axa group operations;Paris - 75;alternance 06/05/2024;Acheteur;Hello Work;https://www.hellowork.com/fr-fr/emploi/recherche.html?k=Acheteur&l=Paris&p=2&mode=pagination
Groupe Air Liquide;Groupe Air Liquide;Paris - 75;stage 6 mois 02/05/2024;Acheteur;Hello Work;https://www.hellowork.com/fr-fr/emploi/recherche.html?k=Acheteur&l=Paris&p=2&mode=pagination
Direction des Solidarités de la Ville de Paris;Direction des Solidarités de la Ville de Paris;Paris - 75;cdi il y a 19 heures;Acheteur;Hello Work;https://www.hellowork.com/fr-fr/emploi/recherche.html?k=Acheteur&l=Paris&p=2&mode=pagination
Naval Group;Naval Group;Paris - 75;cdi 17/04/2024;Acheteur;Hello Work;https://www.hellowork.com/fr-fr/emploi/recherche.html?k=Acheteur&l=Paris&p=2&mode=pagination
Naval Group CDI - Acheteur IT H/F;Naval Group;Paris - 75;17-04-2024;Acheteur;Hello Work;https://www.hellowork.com/fr-fr/emploi/recherche.html?k=Acheteur&l=Paris&p=3&mode=pagination
Axa group operations Alternant Acheteur For Innovation F - M H/F;Axa group operations;Paris - 75;842 - 2 158 eur par mois;Acheteur;Hello Work;https://www.hellowork.com/fr-fr/emploi/recherche.html?k=Acheteur&l=Paris&p=3&mode=pagination
Approach People Recruitment Acheteur Offshore Equipement Électrique H/F;Approach People Recruitment;Paris - 75;60 000 - 80 000 eur par an;Acheteur;Hello Work;https://www.hellowork.com/fr-fr/emploi/recherche.html?k=Acheteur&l=Paris&p=3&mode=pagination
Direction des Solidarités de la Ville de Paris Juriste - Acheteur Commande Publique Filière Fournitures Courantes et Services H/F;Direction des Solidarités de la Ville de Paris;Paris - 75;09-05-2024;Acheteur;Hello Work;https://www.hellowork.com/fr-fr/emploi/recherche.html?k=Acheteur&l=Paris&p=3&mode=pagination
Talents ADV & Supply Acheteur Produits Finis H/F;Talents ADV & Supply;Paris - 75;38 000 - 45 000 eur par an;Acheteur;Hello Work;https://www.hellowork.com/fr-fr/emploi/recherche.html?k=Acheteur&l=Paris&p=3&mode=pagination
1001 Vies Habitat Chargé de Projet Achats Durables - Rse Décarbonation des Achats - Alternance - Paris 15 H/F;1001 Vies Habitat;Paris - 75;477,07 - 1 766,92 eur par mois;Acheteur;Hello Work;https://www.hellowork.com/fr-fr/emploi/recherche.html?k=Acheteur&l=Paris&p=3&mode=pagination
Axa group operations Junior Buyer Internship H/F;Axa group operations;Paris - 75;832 - 1 868 eur par mois;Acheteur;Hello Work;https://www.hellowork.com/fr-fr/emploi/recherche.html?k=Acheteur&l=Paris&p=3&mode=pagination
Acheteur Facility Management;Acheteur;Paris;télétravail partiel;Acheteur;Hello Work;https://www.hellowork.com/fr-fr/emploi/recherche.html?k=Acheteur&l=Paris&p=4&mode=pagination
CNES Acheteur Public;CNES;Paris;cdi;Acheteur;Hello Work;https://www.hellowork.com/fr-fr/emploi/recherche.html?k=Acheteur&l=Paris&p=4&mode=pagination
SFR Alternant - Acheteur - Achats;SFR;Paris;alternance;Acheteur;Hello Work;https://www.hellowork.com/fr-fr/emploi/recherche.html?k=Acheteur&l=Paris&p=4&mode=pagination
Direction des Solidarités de la Ville de Paris Juriste - Acheteur Commande Publiques;Direction des Solidarités de la Ville de Paris;Paris;cdi;Acheteur;Hello Work;https://www.hellowork.com/fr-fr/emploi/recherche.html?k=Acheteur&l=Paris&p=4&mode=pagination
1001 Vies Habitat Acheteur Travaux Projets Promotion Neuve;1001 Vies Habitat;Paris;cdi;Acheteur;Hello Work;https://www.hellowork.com/fr-fr/emploi/recherche.html?k=Acheteur&l=Paris&p=4&mode=pagination
Externatic Super recruteur Senior Energy Buyer Gigafactory;Externatic;Paris;cdi;Acheteur;Hello Work;https://www.hellowork.com/fr-fr/emploi/recherche.html?k=Acheteur&l=Paris&p=4&mode=pagination
RIVP Super recruteur Acheteur et Approvisionneur IT;RIVP;Paris;cdi;Acheteur;Hello Work;https://www.hellowork.com/fr-fr/emploi/recherche.html?k=Acheteur&l=Paris&p=4&mode=pagination
Colas Alternance - Acheteur Equipements Capex - Opex;Colas;Paris;alternance;Acheteur;Hello Work;https://www.hellowork.com/fr-fr/emploi/recherche.html?k=Acheteur&l=Paris&p=4&mode=pagination
HelloFresh Operational Buyer M;HelloFresh;Paris;cdi;Acheteur;Hello Work;https://www.hellowork.com/fr-fr/emploi/recherche.html?k=Acheteur&l=Paris&p=4&mode=pagination
Armée de Terre Chef de Groupe Conception Production et Distribution d'Électricité et d'Eau;Armée de Terre;Paris;cdi;Acheteur;Hello Work;https://www.hellowork.com/fr-fr/emploi/recherche.html?k=Acheteur&l=Paris&p=4&mode=pagination
Sodiaal Alternance - Achat Pole Indirects - Tertiaires;Sodiaal;Paris;alternance;Acheteur;Hello Work;https://www.hellowork.com/fr-fr/emploi/recherche.html?k=Acheteur&l=Paris&p=4&mode=pagination
Valeo Apprentissage - Acheteur Investissement Technique Automobile;Valeo;Paris;alternance;Acheteur;Hello Work;https://www.hellowork.com/fr-fr/emploi/recherche.html?k=Acheteur&l=Paris&p=4&mode=pagination
BON TALENT Acheteur Senior - Commandes Publiques;BON TALENT;Paris;cdi;Acheteur;Hello Work;https://www.hellowork.com/fr-fr/emploi/recherche.html?k=Acheteur&l=Paris&p=4&mode=pagination
NOSCHOOL Vendeur - en Alternance;NOSCHOOL;Paris;alternance;Acheteur;Hello Work;https://www.hellowork.com/fr-fr/emploi/recherche.html?k=Acheteur&l=Paris&p=4&mode=pagination
Caméléons RH Acheteur Matières Premières PAP Homme Luxe;Caméléons RH;Paris;intérim;Acheteur;Hello Work;https://www.hellowork.com/fr-fr/emploi/recherche.html?k=Acheteur&l=Paris&p=4&mode=pagination
Talents ADV & Supply Acheteur Sénior;Talents ADV & Supply;Paris;intérim;Acheteur;Hello Work;https://www.hellowork.com/fr-fr/emploi/recherche.html?k=Acheteur&l=Paris&p=4&mode=pagination
Naturalia France Stagiaire en Achats Fruits et Legumes Bio;Naturalia France;Paris;stage;Acheteur;Hello Work;https://www.hellowork.com/fr-fr/emploi/recherche.html?k=Acheteur&l=Paris&p=4&mode=pagination
AXA en France Alternance - Acheteur Junior Professional Services & Marketing;AXA en France;Paris;alternance;Acheteur;Hello Work;https://www.hellowork.com/fr-fr/emploi/recherche.html?k=Acheteur&l=Paris&p=4&mode=pagination
Capgemini Engineering Industrial Ops. Engineer;Capgemini Engineering;Paris;cdi;Acheteur;Hello Work;https://www.hellowork.com/fr-fr/emploi/recherche.html?k=Acheteur&l=Paris&p=4&mode=pagination
1001 Vies Habitat Acheteur Projets de Rénovation du Patrimoine - Equipements;1001 Vies Habitat;Paris;05-05-2024;Acheteur;Hello Work;https://www.hellowork.com/fr-fr/emploi/recherche.html?k=Acheteur&l=Paris&p=5&mode=pagination
Colas Stagiaire Achats Hors Production;Colas;Paris;19-04-2024;Acheteur;Hello Work;https://www.hellowork.com/fr-fr/emploi/recherche.html?k=Acheteur&l=Paris&p=5&mode=pagination
LA POSTE GROUPE Acheteur Industriel Production;LA POSTE GROUPE;Paris;19-04-2024;Acheteur;Hello Work;https://www.hellowork.com/fr-fr/emploi/recherche.html?k=Acheteur&l=Paris&p=5&mode=pagination
Sodiaal Alternance - Achats Mro - QHSE;Sodiaal;Paris;18-04-2024;Acheteur;Hello Work;https://www.hellowork.com/fr-fr/emploi/recherche.html?k=Acheteur&l=Paris&p=5&mode=pagination
Scalian Super recruteur Acheteur Industriel;Scalian;Paris;14-04-2024;Acheteur;Hello Work;https://www.hellowork.com/fr-fr/emploi/recherche.html?k=Acheteur&l=Paris&p=5&mode=pagination
Valeo Apprenti Indirect Purchasing Buyer;Valeo;Paris;10-04-2024;Acheteur;Hello Work;https://www.hellowork.com/fr-fr/emploi/recherche.html?k=Acheteur&l=Paris&p=5&mode=pagination
AXA en France Alternance-Buyer For Innovation;AXA en France;Paris;10-04-2024;Acheteur;Hello Work;https://www.hellowork.com/fr-fr/emploi/recherche.html?k=Acheteur&l=Paris&p=5&mode=pagination
Avril Alternant Transformation des Achats;Avril;Paris;05-05-2024;Acheteur;Hello Work;https://www.hellowork.com/fr-fr/emploi/recherche.html?k=Acheteur&l=Paris&p=5&mode=pagination
Paris Habitat Chargé d'Études Patrimoine - Acheteur Technique;Paris Habitat;Paris;29-04-2024;Acheteur;Hello Work;https://www.hellowork.com/fr-fr/emploi/recherche.html?k=Acheteur&l=Paris&p=5&mode=pagination
Sodiaal Alternance - Achats Responsables;Sodiaal;Paris;30-04-2024;Acheteur;Hello Work;https://www.hellowork.com/fr-fr/emploi/recherche.html?k=Acheteur&l=Paris&p=5&mode=pagination
Valeo Alternance Assistant·e Ecommerce Marketing;Valeo;Paris;12-04-2024;Acheteur;Hello Work;https://www.hellowork.com/fr-fr/emploi/recherche.html?k=Acheteur&l=Paris&p=5&mode=pagination
Capgemini Stage Achats IT et Prestations Intellectuelles;Capgemini;Paris;10-04-2024;Acheteur;Hello Work;https://www.hellowork.com/fr-fr/emploi/recherche.html?k=Acheteur&l=Paris&p=5&mode=pagination
SFR Alternant - Chargé d'Études - Réglementation;SFR;Paris;10-04-2024;Acheteur;Hello Work;https://www.hellowork.com/fr-fr/emploi/recherche.html?k=Acheteur&l=Paris&p=5&mode=pagination
Sodiaal Alternance - Achat Projet Packaging;Sodiaal;Paris;25-04-2024;Acheteur;Hello Work;https://www.hellowork.com/fr-fr/emploi/recherche.html?k=Acheteur&l=Paris&p=5&mode=pagination
Adecco Acheteur;Adecco;Paris;27-04-2024;Acheteur;Hello Work;https://www.hellowork.com/fr-fr/emploi/recherche.html?k=Acheteur&l=Paris&p=5&mode=pagination
Epitech Acheteur Marché Publics;Epitech;Paris;05-05-2024;Acheteur;Hello Work;https://www.hellowork.com/fr-fr/emploi/recherche.html?k=Acheteur&l=Paris&p=5&mode=pagination
L'opcommerce Acheteur Marches Publics;L'opcommerce;Paris;19-04-2024;Acheteur;Hello Work;https://www.hellowork.com/fr-fr/emploi/recherche.html?k=Acheteur&l=Paris&p=5&mode=pagination
Michael Page Super recruteur Acheteur Génie Climatique;Michael Page;Paris;16-04-2024;Acheteur;Hello Work;https://www.hellowork.com/fr-fr/emploi/recherche.html?k=Acheteur&l=Paris&p=5&mode=pagination
Skills Paris Assistant Acheteur;Skills Paris;Paris;16-04-2024;Acheteur;Hello Work;https://www.hellowork.com/fr-fr/emploi/recherche.html?k=Acheteur&l=Paris&p=5&mode=pagination
LTD - Métiers de l'Ingénierie, Bâtiment GC, Architecture, BIM Acheteur Industriel;LTD;Paris;16-04-2024;Acheteur;Hello Work;https://www.hellowork.com/fr-fr/emploi/recherche.html?k=Acheteur&l=Paris&p=5&mode=pagination
Skills Paris Acheteur - Approvisionneur;Skills Paris;Paris;10-04-2024;Acheteur;Hello Work;https://www.hellowork.com/fr-fr/emploi/recherche.html?k=Acheteur&l=Paris&p=5&mode=pagination
Michael Page Super recruteur Acheteur & Approvisionneur;Michael Page;Paris;10-04-2024;Acheteur;Hello Work;https://www.hellowork.com/fr-fr/emploi/recherche.html?k=Acheteur&l=Paris&p=5&mode=pagination
Liane RH Super recruteur Assistant Administratif;Liane RH Super recruteur;Paris;09-05-2024;Assistant administratif;Hello Work;https://www.hellowork.com/fr-fr/emploi/recherche.html?k=Assistant administratif&l=Paris&p=1&mode=pagination
Fondation Oeuvre de la Croix Saint-Simon Assistant Administratif;Fondation Oeuvre de la Croix Saint-Simon;Paris;06-05-2024;Assistant administratif;Hello Work;https://www.hellowork.com/fr-fr/emploi/recherche.html?k=Assistant administratif&l=Paris&p=1&mode=pagination
Legendre Immobilier Assistant Administratif;Legendre Immobilier;Paris;05-05-2024;Assistant administratif;Hello Work;https://www.hellowork.com/fr-fr/emploi/recherche.html?k=Assistant administratif&l=Paris&p=1&mode=pagination
IESEG Assistant Administratif;IESEG;Paris;09-05-2024;Assistant administratif;Hello Work;https://www.hellowork.com/fr-fr/emploi/recherche.html?k=Assistant administratif&l=Paris&p=1&mode=pagination
Helmett Assurances Assistant Administratif;Helmett Assurances;Paris;03-05-2024;Assistant administratif;Hello Work;https://www.hellowork.com/fr-fr/emploi/recherche.html?k=Assistant administratif&l=Paris&p=1&mode=pagination
MGEN Assistant Administratif;MGEN;Paris;06-05-2024;Assistant administratif;Hello Work;https://www.hellowork.com/fr-fr/emploi/recherche.html?k=Assistant administratif&l=Paris&p=1&mode=pagination
Laboratoires Pourquery Assistant Administratif;Laboratoires Pourquery;Paris;30-04-2024;Assistant administratif;Hello Work;https://www.hellowork.com/fr-fr/emploi/recherche.html?k=Assistant administratif&l=Paris&p=1&mode=pagination
OKGROWTH Assistant Administratif;OKGROWTH;Paris;07-05-2024;Assistant administratif;Hello Work;https://www.hellowork.com/fr-fr/emploi/recherche.html?k=Assistant administratif&l=Paris&p=1&mode=pagination
Oxila Assistant Administratif;Oxila;Paris;30-04-2024;Assistant administratif;Hello Work;https://www.hellowork.com/fr-fr/emploi/recherche.html?k=Assistant administratif&l=Paris&p=1&mode=pagination
Emerson Audit & Conseil Assistant Administratif;Emerson Audit & Conseil;Paris;03-05-2024;Assistant administratif;Hello Work;https://www.hellowork.com/fr-fr/emploi/recherche.html?k=Assistant administratif&l=Paris&p=1&mode=pagination
Bref Service Assistante Administrative;Bref Service;Paris;06-05-2024;Assistant administratif;Hello Work;https://www.hellowork.com/fr-fr/emploi/recherche.html?k=Assistant administratif&l=Paris&p=1&mode=pagination
 Cette entreprise souhaite rester anonyme Assistant Administratif;Cette entreprise souhaite rester anonyme;Paris;02-05-2024;Assistant administratif;Hello Work;https://www.hellowork.com/fr-fr/emploi/recherche.html?k=Assistant administratif&l=Paris&p=1&mode=pagination
Institut F2I Assistant Administratif;Institut F2I;Paris;07-05-2024;Assistant administratif;Hello Work;https://www.hellowork.com/fr-fr/emploi/recherche.html?k=Assistant administratif&l=Paris&p=1&mode=pagination
Sinclair Ressources Assistant Administratif;Sinclair Ressources;Paris;03-05-2024;Assistant administratif;Hello Work;https://www.hellowork.com/fr-fr/emploi/recherche.html?k=Assistant administratif&l=Paris&p=1&mode=pagination
Groupe Agrica Assistant Administratif;Groupe Agrica;Paris;29-04-2024;Assistant administratif;Hello Work;https://www.hellowork.com/fr-fr/emploi/recherche.html?k=Assistant administratif&l=Paris&p=1&mode=pagination
Institut F2I Assistant Administratif;Institut F2I;Paris;06-05-2024;Assistant administratif;Hello Work;https://www.hellowork.com/fr-fr/emploi/recherche.html?k=Assistant administratif&l=Paris&p=1&mode=pagination
RIS Intérim Assistant Administrative;RIS Intérim;Paris;08-05-2024;Assistant administratif;Hello Work;https://www.hellowork.com/fr-fr/emploi/recherche.html?k=Assistant administratif&l=Paris&p=1&mode=pagination
Gitec Assistant Administratif;Gitec;Paris;03-05-2024;Assistant administratif;Hello Work;https://www.hellowork.com/fr-fr/emploi/recherche.html?k=Assistant administratif&l=Paris&p=1&mode=pagination
Institut F2I Assistant Administratif;Institut F2I;Paris;05-05-2024;Assistant administratif;Hello Work;https://www.hellowork.com/fr-fr/emploi/recherche.html?k=Assistant administratif&l=Paris&p=1&mode=pagination
La Nouvelle École Assistant Administratif;La Nouvelle École;Paris;02-05-2024;Assistant administratif;Hello Work;https://www.hellowork.com/fr-fr/emploi/recherche.html?k=Assistant administratif&l=Paris&p=1&mode=pagination
DOCALI Assistant Administratif;DOCALI;Paris;07-05-2024;Assistant administratif;Hello Work;https://www.hellowork.com/fr-fr/emploi/recherche.html?k=Assistant administratif&l=Paris&p=1&mode=pagination
Assistalents Assistante Administrative;Assistalents;Paris;30-04-2024;Assistant administratif;Hello Work;https://www.hellowork.com/fr-fr/emploi/recherche.html?k=Assistant administratif&l=Paris&p=1&mode=pagination
Best Intérim Super recruteur Assistante Administrative;Best Intérim;Paris;30-04-2024;Assistant administratif;Hello Work;https://www.hellowork.com/fr-fr/emploi/recherche.html?k=Assistant administratif&l=Paris&p=1&mode=pagination
Institut F2I Assistante Administrative;Institut F2I;Paris;28-04-2024;Assistant administratif;Hello Work;https://www.hellowork.com/fr-fr/emploi/recherche.html?k=Assistant administratif&l=Paris&p=1&mode=pagination
Volfoni Volfoni - Assistant Administratif;Volfoni Volfoni;Paris;09-05-2024;Assistant administratif;Hello Work;https://www.hellowork.com/fr-fr/emploi/recherche.html?k=Assistant administratif&l=Paris&p=1&mode=pagination
Armée de Terre Assistant Administratif;Armée de Terre;Paris - 75;23-04-2024;Assistant administratif;Hello Work;https://www.hellowork.com/fr-fr/emploi/recherche.html?k=Assistant administratif&l=Paris&p=2&mode=pagination
CPA Partner Assistant Administratif;CPA Partner;Paris - 75;22-04-2024;Assistant administratif;Hello Work;https://www.hellowork.com/fr-fr/emploi/recherche.html?k=Assistant administratif&l=Paris&p=2&mode=pagination
Institut F2I Assistant Administratif - Alternance;Institut F2I;Paris - 75;07-09-2023;Assistant administratif;Hello Work;https://www.hellowork.com/fr-fr/emploi/recherche.html?k=Assistant administratif&l=Paris&p=2&mode=pagination
Institut F2I Assistant Administratif - Alternance;Institut F2I;Paris - 75;09-05-2022;Assistant administratif;Hello Work;https://www.hellowork.com/fr-fr/emploi/recherche.html?k=Assistant administratif&l=Paris&p=2&mode=pagination
Page Personnel Super recruteur Assistant Administratif Certification;Page Personnel;Paris - 75;04-05-2024;Assistant administratif;Hello Work;https://www.hellowork.com/fr-fr/emploi/recherche.html?k=Assistant administratif&l=Paris&p=2&mode=pagination
Institut F2I Alternance - Assistant Administratif;Institut F2I;Paris - 75;06-05-2024;Assistant administratif;Hello Work;https://www.hellowork.com/fr-fr/emploi/recherche.html?k=Assistant administratif&l=Paris&p=2&mode=pagination
Institut F2I Assistante Administrative en Alternance;Institut F2I;Paris - 75;09-05-2022;Assistant administratif;Hello Work;https://www.hellowork.com/fr-fr/emploi/recherche.html?k=Assistant administratif&l=Paris&p=2&mode=pagination
AG2R LA MONDIALE Alternance - Assistant Administratif;AG2R LA MONDIALE;Paris - 75;télétravail partiel;Assistant administratif;Hello Work;https://www.hellowork.com/fr-fr/emploi/recherche.html?k=Assistant administratif&l=Paris&p=2&mode=pagination
Talents Locaux Super recruteur Assistant Administratif;Talents Locaux;Paris - 75;25 000 - 30 000 eur par an;Assistant administratif;Hello Work;https://www.hellowork.com/fr-fr/emploi/recherche.html?k=Assistant administratif&l=Paris&p=2&mode=pagination
Robert Half - interim Assistant Administratif - Paris - Intérim;Robert Half;Paris - 75;09-04-2024;Assistant administratif;Hello Work;https://www.hellowork.com/fr-fr/emploi/recherche.html?k=Assistant administratif&l=Paris&p=2&mode=pagination
Institut F2I Assistant Administratif;Institut F2I;Paris - 75;09-05-2023;Assistant administratif;Hello Work;https://www.hellowork.com/fr-fr/emploi/recherche.html?k=Assistant administratif&l=Paris&p=2&mode=pagination
Institut F2I Alternance - Assistant Administratif;Institut F2I;Paris;09-05-2022;Assistant administratif;Hello Work;https://www.hellowork.com/fr-fr/emploi/recherche.html?k=Assistant administratif&l=Paris&p=3&mode=pagination
ISCOD Alternance Assistant Administratif - Paris;ISCOD;Paris;12e - 75;Assistant administratif;Hello Work;https://www.hellowork.com/fr-fr/emploi/recherche.html?k=Assistant administratif&l=Paris&p=3&mode=pagination
Get Carrières Assistant Administratif;Get Carrières;Paris;18-04-2024;Assistant administratif;Hello Work;https://www.hellowork.com/fr-fr/emploi/recherche.html?k=Assistant administratif&l=Paris&p=3&mode=pagination
ArchiBat Assistant Administratif - Architecture;ArchiBat;Paris;22-04-2024;Assistant administratif;Hello Work;https://www.hellowork.com/fr-fr/emploi/recherche.html?k=Assistant administratif&l=Paris&p=3&mode=pagination
Régional Intérim et R Intérim, Groupe Triangle Solutions RH;Régional Intérim et R Intérim;Paris;09-05-2023;Assistant administratif;Hello Work;https://www.hellowork.com/fr-fr/emploi/recherche.html?k=Assistant administratif&l=Paris&p=3&mode=pagination
Job Link Assistant Administratif;Job Link;Paris;09-01-2024;Assistant administratif;Hello Work;https://www.hellowork.com/fr-fr/emploi/recherche.html?k=Assistant administratif&l=Paris&p=3&mode=pagination
Euridis Business School Paris Assistant Administratif;Euridis Business School Paris;Paris;télétravail occasionnel;Assistant administratif;Hello Work;https://www.hellowork.com/fr-fr/emploi/recherche.html?k=Assistant administratif&l=Paris&p=3&mode=pagination
UPSTART Stagiaire Assistant Administratif;UPSTART;Paris;09-11-2023;Assistant administratif;Hello Work;https://www.hellowork.com/fr-fr/emploi/recherche.html?k=Assistant administratif&l=Paris&p=3&mode=pagination
IFCV Assistant Administratif en Alternance chez Permistar;IFCV;Paris;09-05-2022;Assistant administratif;Hello Work;https://www.hellowork.com/fr-fr/emploi/recherche.html?k=Assistant administratif&l=Paris&p=3&mode=pagination
AG2R LA MONDIALE Alternance - Assistant Administratif et Relation Clients;AG2R LA MONDIALE;Paris;télétravail partiel;Assistant administratif;Hello Work;https://www.hellowork.com/fr-fr/emploi/recherche.html?k=Assistant administratif&l=Paris&p=3&mode=pagination
AB PROD Assistant Administratif et Logistique;AB PROD;Paris;télétravail occasionnel;Assistant administratif;Hello Work;https://www.hellowork.com/fr-fr/emploi/recherche.html?k=Assistant administratif&l=Paris&p=3&mode=pagination
Institut F2I Alternance - Assistant Administratif - BTS Sam;Institut F2I;Paris;09-05-2022;Assistant administratif;Hello Work;https://www.hellowork.com/fr-fr/emploi/recherche.html?k=Assistant administratif&l=Paris&p=3&mode=pagination
Bridge RH Assistant Administratif;Bridge RH;Paris;09-05-2023;Assistant administratif;Hello Work;https://www.hellowork.com/fr-fr/emploi/recherche.html?k=Assistant administratif&l=Paris&p=3&mode=pagination
Ouihelp Assistant Administratif;Ouihelp;Paris;télétravail partiel;Assistant administratif;Hello Work;https://www.hellowork.com/fr-fr/emploi/recherche.html?k=Assistant administratif&l=Paris&p=3&mode=pagination
GR Intérim & Recrutement Assistant Administratif Anglais Bilingue;GR Intérim & Recrutement;Paris;25 000 - 30 000 eur par an;Assistant administratif;Hello Work;https://www.hellowork.com/fr-fr/emploi/recherche.html?k=Assistant administratif&l=Paris&p=3&mode=pagination
Neithwork Super recruteur Assistant Polyvalent;Neithwork Super recruteur;Paris;30 000 - 34 000 eur par an;Assistant administratif;Hello Work;https://www.hellowork.com/fr-fr/emploi/recherche.html?k=Assistant administratif&l=Paris&p=3&mode=pagination
This company wishes to remain anonymous;This company;Paris;04-05-2024;Assistant administratif;Hello Work;https://www.hellowork.com/fr-fr/emploi/recherche.html?k=Assistant administratif&l=Paris&p=3&mode=pagination
Institut F2I Assistant Administrative en Alternance H/F Alternance;Unknown;Paris - 75;09-05-2023;Assistant administratif;Hello Work;https://www.hellowork.com/fr-fr/emploi/recherche.html?k=Assistant administratif&l=Paris&p=4&mode=pagination
Sintel Assistant Administratif - Communication H/F CDI;Unknown;Paris - 75;télétravail occasionnel;Assistant administratif;Hello Work;https://www.hellowork.com/fr-fr/emploi/recherche.html?k=Assistant administratif&l=Paris&p=4&mode=pagination
Page Personnel Super recruteur Assistant Polyvalent H/F Intérim;Unknown;Paris - 75;09-11-2022;Assistant administratif;Hello Work;https://www.hellowork.com/fr-fr/emploi/recherche.html?k=Assistant administratif&l=Paris&p=4&mode=pagination
Institut F2I Assistant Administratif ---BTS Sam ou Gpme- Alternance H/F Alternance;Unknown;Paris - 75;09-05-2022;Assistant administratif;Hello Work;https://www.hellowork.com/fr-fr/emploi/recherche.html?k=Assistant administratif&l=Paris&p=4&mode=pagination
Institut F2I Alternance Apprentissage Assistant Administratif BTS SAM H/F Alternance;Unknown;Paris - 75;09-05-2022;Assistant administratif;Hello Work;https://www.hellowork.com/fr-fr/emploi/recherche.html?k=Assistant administratif&l=Paris&p=4&mode=pagination
Taga Medical et Scientifique Assistant Administratif - Centre de Sante - Montrouge - Interim H/F Intérim;Unknown;Paris - 75;04-05-2024;Assistant administratif;Hello Work;https://www.hellowork.com/fr-fr/emploi/recherche.html?k=Assistant administratif&l=Paris&p=4&mode=pagination
GIF emploi Assistante Opérationnelle - D H/F Intérim;Unknown;Paris - 75;télétravail partiel;Assistant administratif;Hello Work;https://www.hellowork.com/fr-fr/emploi/recherche.html?k=Assistant administratif&l=Paris&p=4&mode=pagination
Institut F2I Assistante Administrative en Alternance dans le Cadre d'Un BTS Sam H/F Alternance;Unknown;Paris - 75;09-05-2022;Assistant administratif;Hello Work;https://www.hellowork.com/fr-fr/emploi/recherche.html?k=Assistant administratif&l=Paris&p=4&mode=pagination
Maison et Services Super recruteur Assistant Administratif en CDI à Mi-Temps H/F CDI;Unknown;Paris - 75;22-04-2024;Assistant administratif;Hello Work;https://www.hellowork.com/fr-fr/emploi/recherche.html?k=Assistant administratif&l=Paris&p=4&mode=pagination
Institut F2I Assistant Administratif H/F Alternance;Unknown;Paris - 75;09-05-2022;Assistant administratif;Hello Work;https://www.hellowork.com/fr-fr/emploi/recherche.html?k=Assistant administratif&l=Paris&p=4&mode=pagination
Aurlom Alternance - Assistant Administratif - BTS Sam H/F Alternance;Aurlom;Paris - 75;09-05-2022;Assistant administratif;Hello Work;https://www.hellowork.com/fr-fr/emploi/recherche.html?k=Assistant administratif&l=Paris&p=5&mode=pagination
Institut F2I Assistant Administrative en Alternance H/F Alternance;Institut F2I;Paris - 75;09-05-2022;Assistant administratif;Hello Work;https://www.hellowork.com/fr-fr/emploi/recherche.html?k=Assistant administratif&l=Paris&p=5&mode=pagination
Cabinet de recrutement de travailleurs handicapés Assistant d'Équipe RH H/F CDI;Cabinet de recrutement de travailleurs handicapés;Paris - 75;télétravail partiel;Assistant administratif;Hello Work;https://www.hellowork.com/fr-fr/emploi/recherche.html?k=Assistant administratif&l=Paris&p=5&mode=pagination
Aurlom Assistant Administratif en Alternance - BTS S.A.M. H/F Alternance;Aurlom;Paris - 75;09-05-2022;Assistant administratif;Hello Work;https://www.hellowork.com/fr-fr/emploi/recherche.html?k=Assistant administratif&l=Paris&p=5&mode=pagination
Galeries Lafayette Super recruteur Assistant Administratif - Antenne Marchandise H/F Alternance;Galeries Lafayette;Paris - 75;télétravail partiel;Assistant administratif;Hello Work;https://www.hellowork.com/fr-fr/emploi/recherche.html?k=Assistant administratif&l=Paris&p=5&mode=pagination
Assistant ADV Export;Haltys;Paris;06-05-2024;Assistant ADV export;Hello Work;https://www.hellowork.com/fr-fr/emploi/recherche.html?k=Assistant ADV export&l=Paris&p=1&mode=pagination
Assistant ADV Export;Page Personnel;Paris;08-05-2024;Assistant ADV export;Hello Work;https://www.hellowork.com/fr-fr/emploi/recherche.html?k=Assistant ADV export&l=Paris&p=1&mode=pagination
Assistant ADV Export;Haltys;Paris;07-05-2024;Assistant ADV export;Hello Work;https://www.hellowork.com/fr-fr/emploi/recherche.html?k=Assistant ADV export&l=Paris&p=1&mode=pagination
Assistant Commercial Export;Dekra Personnel;Paris;06-05-2024;Assistant ADV export;Hello Work;https://www.hellowork.com/fr-fr/emploi/recherche.html?k=Assistant ADV export&l=Paris&p=1&mode=pagination
Assistant Commercial Export;Sinclair Ressources;Paris;07-05-2024;Assistant ADV export;Hello Work;https://www.hellowork.com/fr-fr/emploi/recherche.html?k=Assistant ADV export&l=Paris&p=1&mode=pagination
Assistant Commercial Export;Jacquet-Brossard - Groupe Limagrain;Paris;05-05-2024;Assistant ADV export;Hello Work;https://www.hellowork.com/fr-fr/emploi/recherche.html?k=Assistant ADV export&l=Paris&p=1&mode=pagination
Alternance - Assistant Commerce International;Exchange College Alternance;Paris;30-04-2024;Assistant ADV export;Hello Work;https://www.hellowork.com/fr-fr/emploi/recherche.html?k=Assistant ADV export&l=Paris&p=1&mode=pagination
Alternance - Assistant Commerce International;Exchange College Alternance;Paris;19-04-2024;Assistant ADV export;Hello Work;https://www.hellowork.com/fr-fr/emploi/recherche.html?k=Assistant ADV export&l=Paris&p=1&mode=pagination
Alternant Gestion des Opérations Import - Export;Aurlom;Paris;25-04-2024;Assistant ADV export;Hello Work;https://www.hellowork.com/fr-fr/emploi/recherche.html?k=Assistant ADV export&l=Paris&p=1&mode=pagination
Chargé d'Export et Travel Retail;Fyte;Paris;18-04-2024;Assistant ADV export;Hello Work;https://www.hellowork.com/fr-fr/emploi/recherche.html?k=Assistant ADV export&l=Paris&p=1&mode=pagination
Assistant ADV Export;Skills Paris;Paris;12-04-2024;Assistant ADV export;Hello Work;https://www.hellowork.com/fr-fr/emploi/recherche.html?k=Assistant ADV export&l=Paris&p=1&mode=pagination
Assistant Commercial Export;Skills Paris;Paris;25-04-2024;Assistant ADV export;Hello Work;https://www.hellowork.com/fr-fr/emploi/recherche.html?k=Assistant ADV export&l=Paris&p=1&mode=pagination
Assistant Commercial Export;Skills Paris;Paris;19-04-2024;Assistant ADV export;Hello Work;https://www.hellowork.com/fr-fr/emploi/recherche.html?k=Assistant ADV export&l=Paris&p=1&mode=pagination
Assistant Administratif;Robert Half - interim;Paris;06-05-2024;Assistant ADV export;Hello Work;https://www.hellowork.com/fr-fr/emploi/recherche.html?k=Assistant ADV export&l=Paris&p=1&mode=pagination
Alternance - Assistant Administration des Ventes;Chanel;Paris;03-05-2024;Assistant ADV export;Hello Work;https://www.hellowork.com/fr-fr/emploi/recherche.html?k=Assistant ADV export&l=Paris&p=1&mode=pagination
Assistant Commercial Overseas;Adsearch;Paris;03-05-2024;Assistant ADV export;Hello Work;https://www.hellowork.com/fr-fr/emploi/recherche.html?k=Assistant ADV export&l=Paris&p=1&mode=pagination
Talents ADV & Supply Assistant ADV H/F;Talents ADV & Supply;Paris;36 000 - 37 000 eur par an;Assistant ADV export;Hello Work;https://www.hellowork.com/fr-fr/emploi/recherche.html?k=Assistant ADV export&l=Paris&p=2&mode=pagination
ESVE Bachelor Responsable du Développement Commercial en Alternance;ESVE;Paris;télétravail occasionnel;Assistant ADV export;Hello Work;https://www.hellowork.com/fr-fr/emploi/recherche.html?k=Assistant ADV export&l=Paris&p=2&mode=pagination
EPITECH Industrie & Ingénierie Assistant Commercial ADV H/F;EPITECH;Paris;32 000 - 37 000 eur par an;Assistant ADV export;Hello Work;https://www.hellowork.com/fr-fr/emploi/recherche.html?k=Assistant ADV export&l=Paris&p=2&mode=pagination
Assistant ADV export;Bcorp;Paris;n.a.;Assistant ADV export;Hello Work;https://www.hellowork.com/fr-fr/emploi/recherche.html?k=Assistant ADV export&l=Paris&p=3&mode=pagination
Assistant ADV export;EcoVadis;Paris;n.a.;Assistant ADV export;Hello Work;https://www.hellowork.com/fr-fr/emploi/recherche.html?k=Assistant ADV export&l=Paris&p=3&mode=pagination
Assistant ADV export;Ecocert;Paris;n.a.;Assistant ADV export;Hello Work;https://www.hellowork.com/fr-fr/emploi/recherche.html?k=Assistant ADV export&l=Paris&p=3&mode=pagination
Assistant ADV export;For Life;Paris;n.a.;Assistant ADV export;Hello Work;https://www.hellowork.com/fr-fr/emploi/recherche.html?k=Assistant ADV export&l=Paris&p=3&mode=pagination
Assistant ADV export;Lucie;Paris;n.a.;Assistant ADV export;Hello Work;https://www.hellowork.com/fr-fr/emploi/recherche.html?k=Assistant ADV export&l=Paris&p=3&mode=pagination
Assistant ADV export;PME+;Paris;n.a.;Assistant ADV export;Hello Work;https://www.hellowork.com/fr-fr/emploi/recherche.html?k=Assistant ADV export&l=Paris&p=3&mode=pagination
Assistant ADV export;Responsible Care;Paris;n.a.;Assistant ADV export;Hello Work;https://www.hellowork.com/fr-fr/emploi/recherche.html?k=Assistant ADV export&l=Paris&p=3&mode=pagination
Assistant ADV export;HelloWork;Paris;n.a.;Assistant ADV export;Hello Work;https://www.hellowork.com/fr-fr/emploi/recherche.html?k=Assistant ADV export&l=Paris&p=3&mode=pagination
Assistant ADV export;HelloCV;Paris;n.a.;Assistant ADV export;Hello Work;https://www.hellowork.com/fr-fr/emploi/recherche.html?k=Assistant ADV export&l=Paris&p=3&mode=pagination
Assistant ADV export;HelloWorkplace;Paris;n.a.;Assistant ADV export;Hello Work;https://www.hellowork.com/fr-fr/emploi/recherche.html?k=Assistant ADV export&l=Paris&p=3&mode=pagination
Assistant ADV export;JobiJoba;Paris;n.a.;Assistant ADV export;Hello Work;https://www.hellowork.com/fr-fr/emploi/recherche.html?k=Assistant ADV export&l=Paris&p=3&mode=pagination
Assistant ADV export;MaFormation;Paris;n.a.;Assistant ADV export;Hello Work;https://www.hellowork.com/fr-fr/emploi/recherche.html?k=Assistant ADV export&l=Paris&p=3&mode=pagination
Assistant ADV export;Diplomeo;Paris;n.a.;Assistant ADV export;Hello Work;https://www.hellowork.com/fr-fr/emploi/recherche.html?k=Assistant ADV export&l=Paris&p=3&mode=pagination
Assistant ADV export;L'emploi;Paris;n.a.;Assistant ADV export;Hello Work;https://www.hellowork.com/fr-fr/emploi/recherche.html?k=Assistant ADV export&l=Paris&p=3&mode=pagination
Assistant ADV export;Offres d'emploi;Paris;n.a.;Assistant ADV export;Hello Work;https://www.hellowork.com/fr-fr/emploi/recherche.html?k=Assistant ADV export&l=Paris&p=3&mode=pagination
Assistant ADV export;N.A.;Paris;07-05-2024;Assistant ADV export;Hello Work;https://www.hellowork.com/fr-fr/emploi/recherche.html?k=Assistant ADV export&l=Paris&p=4&mode=pagination
Assistant de Direction;EXTEND CONSULTING;Paris;07-05-2024;Assistant de Direction;Hello Work;https://www.hellowork.com/fr-fr/emploi/recherche.html?k=Assistant de Direction&l=Paris&p=1&mode=pagination
Assistant de Direction;Systea Infrastructures;Paris;07-05-2024;Assistant de Direction;Hello Work;https://www.hellowork.com/fr-fr/emploi/recherche.html?k=Assistant de Direction&l=Paris&p=1&mode=pagination
Assistant de Direction;Nextgen RH;Paris;08-05-2024;Assistant de Direction;Hello Work;https://www.hellowork.com/fr-fr/emploi/recherche.html?k=Assistant de Direction&l=Paris&p=1&mode=pagination
Assistant de Direction;Job Link;Paris;08-05-2024;Assistant de Direction;Hello Work;https://www.hellowork.com/fr-fr/emploi/recherche.html?k=Assistant de Direction&l=Paris&p=1&mode=pagination
Assistant de Direction;Emerson Audit & Conseil;Paris;05-05-2024;Assistant de Direction;Hello Work;https://www.hellowork.com/fr-fr/emploi/recherche.html?k=Assistant de Direction&l=Paris&p=1&mode=pagination
Assistant de Direction;Expectra;Paris;07-05-2024;Assistant de Direction;Hello Work;https://www.hellowork.com/fr-fr/emploi/recherche.html?k=Assistant de Direction&l=Paris&p=1&mode=pagination
Assistant de Direction;Assistalents;Paris;04-05-2024;Assistant de Direction;Hello Work;https://www.hellowork.com/fr-fr/emploi/recherche.html?k=Assistant de Direction&l=Paris&p=1&mode=pagination
Assistant de Direction;Gitec;Paris;08-05-2024;Assistant de Direction;Hello Work;https://www.hellowork.com/fr-fr/emploi/recherche.html?k=Assistant de Direction&l=Paris&p=1&mode=pagination
Assistant de Direction;ISOVA;Paris;01-05-2024;Assistant de Direction;Hello Work;https://www.hellowork.com/fr-fr/emploi/recherche.html?k=Assistant de Direction&l=Paris&p=1&mode=pagination
Assistant de Direction;LA POSTE GROUPE;Paris;06-05-2024;Assistant de Direction;Hello Work;https://www.hellowork.com/fr-fr/emploi/recherche.html?k=Assistant de Direction&l=Paris&p=1&mode=pagination
Assistant de Direction;LHH Recruitment Solutions;Paris;03-05-2024;Assistant de Direction;Hello Work;https://www.hellowork.com/fr-fr/emploi/recherche.html?k=Assistant de Direction&l=Paris&p=1&mode=pagination
Assistant de Direction;Profile Research;Paris;06-05-2024;Assistant de Direction;Hello Work;https://www.hellowork.com/fr-fr/emploi/recherche.html?k=Assistant de Direction&l=Paris&p=1&mode=pagination
Assistant de Direction;Page Personnel Super recruteur;Paris;02-05-2024;Assistant de Direction;Hello Work;https://www.hellowork.com/fr-fr/emploi/recherche.html?k=Assistant de Direction&l=Paris&p=1&mode=pagination
Assistant de Direction;Randstad Super recruteur;Paris;30-04-2024;Assistant de Direction;Hello Work;https://www.hellowork.com/fr-fr/emploi/recherche.html?k=Assistant de Direction&l=Paris&p=1&mode=pagination
Assistant de Direction;Neithwork Super recruteur;Paris;28-04-2024;Assistant de Direction;Hello Work;https://www.hellowork.com/fr-fr/emploi/recherche.html?k=Assistant de Direction&l=Paris&p=1&mode=pagination
Assistant de Direction;Epitech;Paris;28-04-2024;Assistant de Direction;Hello Work;https://www.hellowork.com/fr-fr/emploi/recherche.html?k=Assistant de Direction&l=Paris&p=1&mode=pagination
Assistant de Direction;Unik and Co;Paris;29-04-2024;Assistant de Direction;Hello Work;https://www.hellowork.com/fr-fr/emploi/recherche.html?k=Assistant de Direction&l=Paris&p=1&mode=pagination
Assistant de Direction;This company wishes to remain anonymous;Paris;28-04-2024;Assistant de Direction;Hello Work;https://www.hellowork.com/fr-fr/emploi/recherche.html?k=Assistant de Direction&l=Paris&p=1&mode=pagination
Assistant de Direction;Neithwork Super recruteur;Paris;26-04-2024;Assistant de Direction;Hello Work;https://www.hellowork.com/fr-fr/emploi/recherche.html?k=Assistant de Direction&l=Paris&p=1&mode=pagination
Assistant de Direction;Hunteed;Paris;25-04-2024;Assistant de Direction;Hello Work;https://www.hellowork.com/fr-fr/emploi/recherche.html?k=Assistant de Direction&l=Paris&p=1&mode=pagination
Assistant de Direction;Sinclair Ressources;Paris;26-04-2024;Assistant de Direction;Hello Work;https://www.hellowork.com/fr-fr/emploi/recherche.html?k=Assistant de Direction&l=Paris&p=1&mode=pagination
Assistant de Direction;LHH Recruitment Solutions;Paris;24-04-2024;Assistant de Direction;Hello Work;https://www.hellowork.com/fr-fr/emploi/recherche.html?k=Assistant de Direction&l=Paris&p=1&mode=pagination
Assistant de Direction;Eramet;Paris;07-05-2024;Assistant de Direction;Hello Work;https://www.hellowork.com/fr-fr/emploi/recherche.html?k=Assistant de Direction&l=Paris&p=1&mode=pagination
Assistant de Direction;Expectra;Paris;30-04-2024;Assistant de Direction;Hello Work;https://www.hellowork.com/fr-fr/emploi/recherche.html?k=Assistant de Direction&l=Paris&p=1&mode=pagination
Assistant de Direction;Intérim Nation;Paris;24-04-2024;Assistant de Direction;Hello Work;https://www.hellowork.com/fr-fr/emploi/recherche.html?k=Assistant de Direction&l=Paris&p=2&mode=pagination
Assistant de Direction;Talents Unis;Paris;04-05-2024;Assistant de Direction;Hello Work;https://www.hellowork.com/fr-fr/emploi/recherche.html?k=Assistant de Direction&l=Paris&p=2&mode=pagination
Assistant de Direction;Assistalents;Paris;03-05-2024;Assistant de Direction;Hello Work;https://www.hellowork.com/fr-fr/emploi/recherche.html?k=Assistant de Direction&l=Paris&p=2&mode=pagination
Apprenti Assistant de Direction;Hôtel Dame des Arts;Paris;07-05-2024;Assistant de Direction;Hello Work;https://www.hellowork.com/fr-fr/emploi/recherche.html?k=Assistant de Direction&l=Paris&p=2&mode=pagination
Assistant de Direction;GIE Axa;Paris;06-05-2024;Assistant de Direction;Hello Work;https://www.hellowork.com/fr-fr/emploi/recherche.html?k=Assistant de Direction&l=Paris&p=2&mode=pagination
Assistant de Direction;KARA Travail Temporaire & Placement;Paris;30-04-2024;Assistant de Direction;Hello Work;https://www.hellowork.com/fr-fr/emploi/recherche.html?k=Assistant de Direction&l=Paris&p=2&mode=pagination
Assistant de Direction;Studency;Paris;05-05-2024;Assistant de Direction;Hello Work;https://www.hellowork.com/fr-fr/emploi/recherche.html?k=Assistant de Direction&l=Paris&p=2&mode=pagination
Assistant de Direction;Institut F2I;Paris;28-04-2024;Assistant de Direction;Hello Work;https://www.hellowork.com/fr-fr/emploi/recherche.html?k=Assistant de Direction&l=Paris&p=2&mode=pagination
Assistant de Direction Anglais Courant H/F;Assistalents;Paris - 75;08-05-2024;Assistant de Direction;Hello Work;https://www.hellowork.com/fr-fr/emploi/recherche.html?k=Assistant de Direction&l=Paris&p=3&mode=pagination
Assistant de Direction H/F;Unik and Co;Paris - 75;18-04-2024;Assistant de Direction;Hello Work;https://www.hellowork.com/fr-fr/emploi/recherche.html?k=Assistant de Direction&l=Paris&p=3&mode=pagination
Assistant de Direction - Cabinet d'Avocats H/F;Neithwork Super recruteur;Paris - 75;04-05-2024;Assistant de Direction;Hello Work;https://www.hellowork.com/fr-fr/emploi/recherche.html?k=Assistant de Direction&l=Paris&p=3&mode=pagination
Stagiaire Assistant de Direction H/F;UPSTART;Paris - 75;23-04-2024;Assistant de Direction;Hello Work;https://www.hellowork.com/fr-fr/emploi/recherche.html?k=Assistant de Direction&l=Paris&p=3&mode=pagination
Assistant de Direction - Family Office H/F;Qualis Recrutement;Paris - 75;25-04-2024;Assistant de Direction;Hello Work;https://www.hellowork.com/fr-fr/emploi/recherche.html?k=Assistant de Direction&l=Paris&p=3&mode=pagination
Assistant de Direction;Neithwork Super recruteur;Paris;15-04-2024;Assistant de Direction;Hello Work;https://www.hellowork.com/fr-fr/emploi/recherche.html?k=Assistant de Direction&l=Paris&p=4&mode=pagination
Assistant de Direction;Assistalents;Paris;15-04-2024;Assistant de Direction;Hello Work;https://www.hellowork.com/fr-fr/emploi/recherche.html?k=Assistant de Direction&l=Paris&p=4&mode=pagination
Assistant de Direction;Assistalents;Paris;21-04-2024;Assistant de Direction;Hello Work;https://www.hellowork.com/fr-fr/emploi/recherche.html?k=Assistant de Direction&l=Paris&p=4&mode=pagination
Assistant de Direction;Accenture France;Paris;20-04-2024;Assistant de Direction;Hello Work;https://www.hellowork.com/fr-fr/emploi/recherche.html?k=Assistant de Direction&l=Paris&p=4&mode=pagination
Assistant de Direction;Sinclair Ressources;Paris;21-04-2024;Assistant de Direction;Hello Work;https://www.hellowork.com/fr-fr/emploi/recherche.html?k=Assistant de Direction&l=Paris&p=4&mode=pagination
Assistant de Direction;IFCV;Paris;27-04-2024;Assistant de Direction;Hello Work;https://www.hellowork.com/fr-fr/emploi/recherche.html?k=Assistant de Direction&l=Paris&p=4&mode=pagination
Assistant de Direction;IFCV;Paris;04-05-2024;Assistant de Direction;Hello Work;https://www.hellowork.com/fr-fr/emploi/recherche.html?k=Assistant de Direction&l=Paris&p=4&mode=pagination
Assistant de Direction;Hays;Paris;30-04-2024;Assistant de Direction;Hello Work;https://www.hellowork.com/fr-fr/emploi/recherche.html?k=Assistant de Direction&l=Paris&p=4&mode=pagination
Assistant de Direction;Neithwork Super recruteur;Paris;27-04-2024;Assistant de Direction;Hello Work;https://www.hellowork.com/fr-fr/emploi/recherche.html?k=Assistant de Direction&l=Paris&p=4&mode=pagination
Assistant de Direction;Manpower;Paris;27-04-2024;Assistant de Direction;Hello Work;https://www.hellowork.com/fr-fr/emploi/recherche.html?k=Assistant de Direction&l=Paris&p=4&mode=pagination
Assistant de Direction;Expectra;Paris;14-04-2024;Assistant de Direction;Hello Work;https://www.hellowork.com/fr-fr/emploi/recherche.html?k=Assistant de Direction&l=Paris&p=4&mode=pagination
Assistant de Direction;Talent Unis;Paris;29-04-2024;Assistant de Direction;Hello Work;https://www.hellowork.com/fr-fr/emploi/recherche.html?k=Assistant de Direction&l=Paris&p=4&mode=pagination
Assistant de Direction;Neithwork Super recruteur;Paris;22-04-2024;Assistant de Direction;Hello Work;https://www.hellowork.com/fr-fr/emploi/recherche.html?k=Assistant de Direction&l=Paris&p=4&mode=pagination
Assistant de Direction;Gitec;Paris;19-04-2024;Assistant de Direction;Hello Work;https://www.hellowork.com/fr-fr/emploi/recherche.html?k=Assistant de Direction&l=Paris&p=4&mode=pagination
Assistant de Direction;GR Intérim & Recrutement;Paris;07-05-2024;Assistant de Direction;Hello Work;https://www.hellowork.com/fr-fr/emploi/recherche.html?k=Assistant de Direction&l=Paris&p=4&mode=pagination
Assistant de Direction;Sinclair Ressources;Paris;14-04-2024;Assistant de Direction;Hello Work;https://www.hellowork.com/fr-fr/emploi/recherche.html?k=Assistant de Direction&l=Paris&p=4&mode=pagination
Assistant de Direction;Digital School of Paris;Paris;19-04-2024;Assistant de Direction;Hello Work;https://www.hellowork.com/fr-fr/emploi/recherche.html?k=Assistant de Direction&l=Paris&p=4&mode=pagination
Assistant de Direction;Euretudes Travail Temporaire;Paris;19-04-2024;Assistant de Direction;Hello Work;https://www.hellowork.com/fr-fr/emploi/recherche.html?k=Assistant de Direction&l=Paris&p=4&mode=pagination
Assistant de Direction;Randstad Super recruteur;Paris;18-04-2024;Assistant de Direction;Hello Work;https://www.hellowork.com/fr-fr/emploi/recherche.html?k=Assistant de Direction&l=Paris&p=4&mode=pagination
Assistant de Direction;Nextep HR;Paris;03-05-2024;Assistant de Direction;Hello Work;https://www.hellowork.com/fr-fr/emploi/recherche.html?k=Assistant de Direction&l=Paris&p=4&mode=pagination
Assistant de Direction;Sinclair Ressources;Paris;19-04-2024;Assistant de Direction;Hello Work;https://www.hellowork.com/fr-fr/emploi/recherche.html?k=Assistant de Direction&l=Paris&p=5&mode=pagination
Office Manager - Assistant·e de Direction;Oz Garden;Paris;22-04-2024;Assistant de Direction;Hello Work;https://www.hellowork.com/fr-fr/emploi/recherche.html?k=Assistant de Direction&l=Paris&p=5&mode=pagination
Assistant de Direction BTP;C&T Consultants;Paris;18-04-2024;Assistant de Direction;Hello Work;https://www.hellowork.com/fr-fr/emploi/recherche.html?k=Assistant de Direction&l=Paris&p=5&mode=pagination
Assistant de Direction;CHARRETTE SERVICE;Paris;14-04-2024;Assistant de Direction;Hello Work;https://www.hellowork.com/fr-fr/emploi/recherche.html?k=Assistant de Direction&l=Paris&p=5&mode=pagination
Assistant de Direction et Marketing Digital;Institut F2I;Paris;05-05-2024;Assistant de Direction;Hello Work;https://www.hellowork.com/fr-fr/emploi/recherche.html?k=Assistant de Direction&l=Paris&p=5&mode=pagination
Assistant de Direction en Alternance;Institut F2I;Paris;28-04-2024;Assistant de Direction;Hello Work;https://www.hellowork.com/fr-fr/emploi/recherche.html?k=Assistant de Direction&l=Paris&p=5&mode=pagination
Assistant de Direction;Sintel;Paris;06-05-2024;Assistant de Direction;Hello Work;https://www.hellowork.com/fr-fr/emploi/recherche.html?k=Assistant de Direction&l=Paris&p=5&mode=pagination
Assistant de Direction;Aureïs Formation;Paris;06-05-2024;Assistant de Direction;Hello Work;https://www.hellowork.com/fr-fr/emploi/recherche.html?k=Assistant de Direction&l=Paris&p=5&mode=pagination
Assistant de Direction;Talentpeople;Paris;07-05-2024;Assistant de Direction;Hello Work;https://www.hellowork.com/fr-fr/emploi/recherche.html?k=Assistant de Direction&l=Paris&p=5&mode=pagination
Assistant de Direction;GR Intérim & Recrutement;Paris;25-04-2024;Assistant de Direction;Hello Work;https://www.hellowork.com/fr-fr/emploi/recherche.html?k=Assistant de Direction&l=Paris&p=5&mode=pagination
Assistant de Direction;MANGO;Paris;25-04-2024;Assistant de Direction;Hello Work;https://www.hellowork.com/fr-fr/emploi/recherche.html?k=Assistant de Direction&l=Paris&p=5&mode=pagination
Attaché de Direction;COALLIA;Paris;24-04-2024;Assistant de Direction;Hello Work;https://www.hellowork.com/fr-fr/emploi/recherche.html?k=Assistant de Direction&l=Paris&p=5&mode=pagination
