Entreprise;source;Nombre d'offres postés les 10 derniers jours;Contacté;Notes;website_url;activity_sector;attributed_sale;status
N.A.;Hello Work;85;;;https://en.wikipedia.org/wiki/Na;Other;;
Chanel;LinkedInIndeed;20;Non;;https://www.chanel.com/fr/;Other;;Client
Eiffage;Cadre EmploiCadre Emploi;17;Non;;https://www.eiffage.com/;Other;;
Accenture;Cadre Emploi;16;;;https://www.accenture.com/fr-fr;Other;;
Capgemini;Cadre Emploi;14;Non;;https://www.capgemini.com/fr-fr/;Other;;
Eiffage Construction;Cadre Emploi;11;;;https://www.eiffageconstruction.com/;Other;;
Société Générale;Cadre Emploi;9;Non;;https://particuliers.sg.fr/;Other;;
Totalenergies;Indeed;8;Non;;https://www.totalenergies.fr/;Other;;
Printemps;Indeed;8;Non;;https://www.printemps.com/fr/fr;Other;;Pas intéressant
Sncf;Indeed;8;;;https://www.sncf.com/fr;Other;;
Groupe Kering;Indeed;7;Non;;https://www.kering.com/fr/groupe/;Other;Karine;Contacté
Smabtp;Hello Work;7;;;https://www.smabtp.fr/sma/assurance/;Other;;
Sodexo;Cadre EmploiCadre Emploi;7;Non;;https://www.sodexo.fr/;Other;;
Louis Vuitton;Indeed;6;Non;;https://fr.louisvuitton.com/fra-fr/homepage;Other;Esther;Client
L'Oréal;Cadre Emploi;6;;;https://www.loreal-paris.fr/;Other;;
Ag2R La Mondiale;Hello WorkIndeed;5;;;https://www.ag2rlamondiale.fr/;Other;;
Total;Cadre EmploiCadre Emploi;5;;;https://www.google.com;Other;;
Courir;Indeed;5;;;https://www.courir.com/;Other;;
Engie Solutions;Hello WorkIndeed;5;;;https://www.engie-solutions.com/fr;Other;;
Galeries Lafayette;Hello Work;5;Oui;;https://www.galerieslafayette.com/;Other;;Pas intéressant
Chronopost;IndeedHello Work;4;Non;;https://www.chronopost.fr/fr/prehome;Other;;
Ibm;Cadre Emploi;4;;;https://www.ibm.com/;Other;;
Lvmh;Cadre Emploi;4;;;https://www.lvmh.com/;Other;;
Nextgen Rh;Hello Work;4;;;https://www.nextgenrh.fr/;Other;;
Florence Dore Sa;Hello Work;4;;;http://www.florencedore.fr/;Other;;
Ville De Paris;Indeed;4;;;https://www.paris.fr/;Other;;
Extend Consulting;Hello Work;4;;;https://extend-consulting.com/;Other;;
Pwc;Cadre Emploi;4;;;https://www.pwc.com/;Other;;
Kpmg;Cadre Emploi;4;Non;;https://kpmg.com/fr/fr/home.html;Other;;
Groupe Air Liquide;Hello Work;3;;;https://www.airliquide.com/fr;Other;;
Bnp Paribas;Hello Work;3;Non;;https://mabanque.bnpparibas/;Other;;
This Company Wishes To Remain Anonymous;Hello Work;3;;;https://www.quora.com/What-are-the-reasons-for-someone-wanting-to-remain-anonymous-when-leaving-feedback-or-writing-reviews-for-businesses-products-and-services;Other;;
Ap-Hp;Hello Work;3;;;https://www.aphp.fr/;Other;;
Air France;Cadre Emploi;3;;;https://wwws.airfrance.fr/;Other;;
Disneyland Paris;Indeed;3;Non;;https://www.disneylandparis.com/fr-fr/;Other;;
Vinci Energies;IndeedCadre Emploi;3;Non;;https://www.vinci-energies.com/;Other;;
Chronofresh;Indeed;3;;;https://www.chronofresh.fr/en;Other;;
Publicis Groupe;Cadre Emploi;3;;;https://www.publicisgroupe.com/fr/splash;Other;;
Adidas;IndeedLinkedIn;3;;;https://www.adidas.fr/;Other;;
Suez;Cadre Emploi;3;;;https://www.suez.com/en;Other;;
Nahmias Semhoun Avocats;Hello Work;3;;;https://nsavocatsparis.fr/;Other;;
Wavestone;Cadre Emploi;3;;;https://www.wavestone.com/en/;Other;;
Ab Inbev;Indeed;3;;;https://www.ab-inbev.com/;Other;;
Bouygues Telecom;Cadre Emploi;3;Non;;https://www.bouyguestelecom.fr/;Other;;
Eurazeo;Cadre Emploi;3;;;https://www.google.com;Other;;
Groupe Primonial;Hello Work;3;Non;;https://www.primonial.com/;Other;;
Emil Frey France;LinkedIn;3;;;https://emilfreyfrance.fr/;Other;;
Onestaff;Hello Work;3;;;https://www.onestaff.eu/en;Other;;
Fiducial;Indeed;3;Non;;https://www.fiducial.fr/;Other;;
Ogeris France;LinkedInIndeed;2;;;https://ogeris-france.com/;Other;;
Sanofi;Cadre Emploi;2;;;https://www.sanofi.com/en;Other;;
Côme;LinkedIn;2;;;https://fr.wikipedia.org/wiki/C%C3%B4me;Other;;
Hermès;LinkedIn;2;;;https://www.hermes.com/;Other;;
Potel Et Chabot;IndeedHello Work;2;Non;;https://poteletchabot.com/;Other;;
Free;Cadre Emploi;2;;;https://www.free.fr/;Other;;
Hsbc;Indeed;2;Non;;https://www.hsbc.fr/;Other;;
Mobilize Financial Services;Hello Work;2;;;https://www.mobilize-fs.fr/;Other;;
Pharmacos;Hello Work;2;;;https://www.pharmacos.fr/en/;Other;;
Mgen;Hello Work;2;;;https://www.mgen.fr/;Other;;
Pi Electronique;Indeed;2;;;https://www.google.com;Other;;
Sushi Shop;Indeed;2;;;https://www.mysushishop.co.uk/;Other;;
Onet Accueil;Hello Work;2;;;https://www.onet.fr/accueil/;Other;;
Saint Gobain;Indeed;2;;;https://www.saint-gobain.com/en;Other;;
Fournier Groupe;LinkedIn;2;;;https://www.google.com;Other;;
Sodiaal Union;Hello Work;2;;;https://sodiaal.coop/en/;Other;;
Groupe Apicil;LinkedIn;2;;;https://www.google.com;Other;;
Edf;Hello Work;2;Non;;https://www.edf.fr/;Other;;
Nextep Hr;Hello Work;2;;;https://www.google.com;Other;;
Hachette Livre;Indeed;2;Non;;https://www.hachette.com/;Other;;
Easy Service Informatique;Indeed;2;;;https://www.easyserviceinformatique.com/;Other;;
Eiffel Group;Cadre Emploi;2;;;https://www.google.com;Other;;
Sintel;Hello Work;2;;;https://sintel-recrutement.fr/;Other;;
Seqens Al;Indeed;2;;;https://www.seqens.fr/;Other;;
Sisley Paris;LinkedIn;2;;;https://www.sisley-paris.com/;Other;;
Groupe Etam;Indeed;2;;;https://etam-groupe.com/;Other;;
Sodiaal;Hello Work;2;Non;;https://sodiaal.coop/;Other;;
Groupe Adp;Cadre Emploi;2;Non;;https://www.parisaeroport.fr/homepage-groupe;Other;;
Diot-Siaci;Hello Work;2;Non;;https://www.diot-siaci.com/;Other;;
Envea;Indeed;2;;;https://www.envea.global/;Other;;
Eowin;LinkedInIndeed;2;;;https://eowin.com/;Other;;
Richemont;Hello Work;2;;;https://www.richemont.com/;Other;;
Deloitte;Cadre Emploi;2;;;https://www2.deloitte.com/fr/fr/pages/home.html;Other;;
Delisle;Indeed;2;;;https://www.delisle-sa.com/;Other;;
Sfr;Cadre Emploi;2;;;https://www.sfr.fr/;Other;;
Vetoquinol;Indeed;2;;;https://www.vetoquinol.com/en;Other;;
Axa;Hello WorkHello Work;2;;;https://www.google.com;Other;;
Irp Auto;Hello Work;2;;;https://www.irp-auto.com/;Other;;
Tiime;Hello Work;2;;;https://www.tiime.fr/;Other;;
Thomas Mazieres;Indeed;2;;;https://www.google.com;Other;;
Maisons Du Monde;IndeedHello Work;2;Non;;https://www.maisonsdumonde.com/;Other;;
Interforum;Indeed;2;;;https://www.interforum.fr/;Other;;
Thales;Cadre Emploi;2;;;https://www.thalesgroup.com/en;Other;;
Bpce Sa;Hello Work;2;;;https://www.google.com;Other;;
Aux International;Indeed;2;;;https://www.google.com;Other;;
Legendre Immobilier;Hello Work;2;;;https://www.legendre-immobilier.com/;Other;;
Apleona;Indeed;2;Non;;https://apleona.ch/fr/;Other;;
Les Petites Canailles;Indeed;2;;;https://www.lespetitescanailles.fr/;Other;;
Amorino;Indeed;2;;;https://www.amorino.com/;Other;;
Veolia;Cadre Emploi;2;Non;;https://www.veolia.fr/;Other;;
Atos;Cadre Emploi;2;;;https://atos.net/en;Other;;
Bred Banque Populaire;Hello Work;2;;;https://www.bred.fr/;Other;;
Bymycar;Indeed;2;;;https://www.google.com;Other;;
Carrefour;Cadre Emploi;2;;;https://www.google.com;Other;;
Ceciaa;Indeed;2;;;https://www.ceciaa.com/;Other;;
Cezam;Indeed;2;Non;;https://www.cezam.fr/;Other;;
La Ville De Neuilly Sur Marne;Indeed;2;;;https://www.google.com;Other;;
Le Bon Marché;Hello WorkIndeed;2;;;https://www.lebonmarche.com/;Other;;
La Poste Groupe;Hello Work;2;Non;;https://www.lapostegroupe.com/fr;Other;;Contacté
Charlestown;Hello Work;2;Non;;https://charlestown.fr/;Other;;
Le Groupe La Poste;Indeed;2;Non;;https://www.lapostegroupe.com/fr;Other;;
Institut Curie;Indeed;2;;;http://curie.fr/;Other;;
Caisse Des Dépôts;Indeed;2;Non;;https://www.caissedesdepots.fr/;Other;;
La Croissanterie;Indeed;2;;;https://www.lacroissanterie.fr/;Other;;
Christian Dior Couture;Hello Work;2;;;https://en.wikipedia.org/wiki/Dior;Other;;
Phone Régie;Indeed;1;;;https://www.phone-regie.com/;Other;;
Latham & Watkins Llp;Indeed;1;Non;;https://www.lw.com/;Other;;
Orpi;LinkedIn;1;;;https://www.orpi.com/;Other;;
Paris Musées;Indeed;1;;;https://www.google.com;Other;;
Optic 2000;Indeed;1;;;https://www.google.com;Other;;
Le Royal Monceau Raffles;Cadre Emploi;1;;;https://www.google.com;Other;;
Par Excellence;Hello Work;1;;;https://fr.wiktionary.org/wiki/par_excellence;Other;;
Paris Society;Indeed;1;;;https://paris-society.com/;Other;;
Palo Verde;Hello Work;1;;;https://en.wikipedia.org/wiki/Palo_Verde_Nuclear_Generating_Station;Other;;
Palmer;Hello Work;1;Non;;https://www.allocine.fr/film/fichefilm_gen_cfilm=256048.html;Other;;
Le Bristol Paris;Cadre Emploi;1;;;https://www.google.com;Other;;
Parisien Vôtre;Indeed;1;;;https://www.parisiennementvotre.fr/;Other;;
Le Palais;Indeed;1;;;https://www.lepalais.fr/;Other;;
Oxila;Hello Work;1;;;https://www.oxila.fr/;Other;;
Ouihelp;Hello Work;1;;;https://www.ouihelp.fr/;Other;;
Oracle;LinkedIn;1;;;https://www.google.com;Other;;
Oniam;Indeed;1;;;https://www.oniam.fr/;Other;;
Médiamétrie;Hello Work;1;;;https://www.mediametrie.fr/fr;Other;;
Neocornert;Indeed;1;;;https://www.google.com;Other;;
Manda;Indeed;1;;;https://www.manda.fr/;Other;;
Neocorner;Indeed;1;Non;;https://www.neocorner.fr/;Other;;
Mandarin Oriental Hotel Group;Indeed;1;;;https://www.mandarinoriental.com/en/;Other;;
Mane;LinkedIn;1;;;https://www.google.com;Other;;
Mango;Hello Work;1;Non;;https://shop.mango.com/fr;Other;;
Métropole Du Grand Paris;Indeed;1;Non;;https://metropolegrandparis.fr/fr;Other;;
Myconnectt;Hello Work;1;;;https://myconnect.fr/;Other;;
My Little Paris;Indeed;1;;;https://www.google.com;Other;;
Movework;Indeed;1;;;https://www.google.com;Other;;
Mondelēz International;LinkedIn;1;;;https://www.mondelezinternational.com/;Other;;
Marianne International;Hello Work;1;Non;;https://www.marianne-international.fr/;Other;;
Maisons Quality;Indeed;1;;;https://www.google.com;Other;;
Libellio;Hello Work;1;;;http://lelibellio.com/;Other;;
Lidl France;Indeed;1;;;https://www.google.com;Other;;
Logis Hotels;Indeed;1;;;https://www.google.com;Other;;
Longchamp;LinkedIn;1;;;https://www.longchamp.com/;Other;;
Louis Pion / Galeries - Lafayette;Hello Work;1;;;https://www.google.com;Other;;
Louis Pion / Galeries - Lafayette Royal Quartz;Hello Work;1;;;https://www.google.com;Other;;
Lr Technologies;Hello Work;1;;;https://www.google.com;Other;;
Nina Ricci;LinkedIn;1;;;https://www.google.com;Other;;
Nexity;Indeed;1;;;https://www.nexity.fr/;Other;;
Ngr;Hello Work;1;;;https://www.ngr.fr/;Other;;
Lululemon;Indeed;1;Non;;https://www.lululemon.fr/fr-fr/home;Other;;
Lyde Conseil;Indeed;1;;;https://www.google.com;Other;;
Mairie De Saint Maur;Indeed;1;;;https://www.saint-maur.com/;Other;;
Maison Francis Kurkdjian;Hello Work;1;Non;;https://www.franciskurkdjian.com/eu-fr;Other;;
Nouveau;Indeed;1;;;https://www.google.com;Other;;
(Re)Set;Indeed;1;;;https://reset.earth/;Other;;
Pi Life Sciences;Indeed;1;;;https://pilifesciences.com/;Other;;
Umg Groupe Vyv;Hello Work;1;;;https://www.groupe-vyv.fr/notre-organisation/;Other;;
The Walt Disney Company;Indeed;1;;;https://thewaltdisneycompany.com/;Other;;
The Walt Disney Company (Corporate);Indeed;1;Non;;https://thewaltdisneycompany.com/;Other;;
Thom;LinkedIn;1;;;https://www.thomgroup.com/;Other;;
Théma Services;Indeed;1;Non;;https://www.thema-services.fr/;Other;;
Tomorrow Food;Indeed;1;;;https://www.tomorrowfood.fr/;Other;;
Transvins Distribution;Indeed;1;;;https://www.transvins-distribution.com/;Other;;
Twinset;LinkedIn;1;;;https://www.google.com;Other;;
Ues Godf Sogofim;Indeed;1;;;https://www.google.com;Other;;
Ugap;Indeed;1;;;https://www.ugap.fr/;Other;;
The Kooples;Indeed;1;;;https://www.thekooples.com/;Other;;
Tessi;Indeed;1;Non;;https://www.tessi.eu/fr/accueil/;Other;;
Terres De Cafe;Indeed;1;;;https://www.google.com;Other;;
Systeme U;LinkedIn;1;;;https://www.google.com;Other;;
Systra;Hello Work;1;;;https://www.systra.com/en/;Other;;
Système U;Cadre Emploi;1;;;https://www.google.com;Other;;
Talent Unis;Hello Work;1;;;https://www.talents-unis.com/;Other;;
Tata Consultancy Services;LinkedIn;1;;;https://www.google.com;Other;;
Technologie Medicale;Indeed;1;;;https://www.technologiemedicale.com/en/;Other;;
Uni-Presse;Indeed;1;;;https://www.unipresse.com/;Other;;
Picard;Indeed;1;;;https://www.picard.fr/;Other;;
Unibail-Rodamco-Westfield;Hello Work;1;;;https://www.google.com;Other;;
Video Plus;Indeed;1;;;https://www.videoplusfrance.com/fr/;Other;;
Ville De Montreuil;Indeed;1;;;https://www.montreuil.fr/;Other;;
Vinci Construction;Cadre Emploi;1;;;https://vinci-construction.com/en/;Other;;
Viseo;LinkedIn;1;;;https://www.google.com;Other;;
Visiativ;Indeed;1;;;https://www.visiativ.com/en/;Other;;
Volfoni;Hello Work;1;;;https://www.volfoni.fr/;Other;;
Voltalia;Indeed;1;;;https://www.voltalia.com/;Other;;
Winamax;Hello Work;1;;;https://www.winamax.fr/en/;Other;;
Wonderbox;Indeed;1;;;https://www.google.com;Other;;
Viamedis;LinkedIn;1;;;https://www.google.com;Other;;
Vestiaire Collective;Hello Work;1;;;https://fr.vestiairecollective.com/;Other;;
Unilabs France;LinkedIn;1;;;https://unilabs.fr/;Other;;
Uniqlo;LinkedIn;1;;;https://www.google.com;Other;;
Universal Music Group;LinkedIn;1;;;https://www.google.com;Other;;
Vente-Unique.Com;Hello Work;1;;;https://www.vente-unique.com/;Other;;
Upercut;Indeed;1;;;https://www.google.com;Other;;
Uptoo French Tech - Ia;Hello Work;1;;;https://uptoo.fr/emploi/offre/40043/commercial-hf/;Other;;
Van Cleef & Arpels;Hello Work;1;Non;;https://www.vancleefarpels.com/fr/fr/home.html;Other;;
Sysco France;Indeed;1;;;https://sysco.fr/;Other;;
Sully Group;Indeed;1;;;https://www.sully-group.com/;Other;;
Reflectiv Windows Film;Indeed;1;;;https://www.reflectiv.com/en/14-decoration-range;Other;;
Renfort Service;Indeed;1;;;https://www.renfort-service.com/;Other;;
Rosabatiment;Indeed;1;;;https://www.google.com;Other;;
Rothschild & Co;Indeed;1;Non;;https://www.rothschildandco.com/fr/;Other;;
Safigec;Indeed;1;;;https://www.google.com;Other;;
Safran;Indeed;1;Non;;https://www.safran-group.com/fr;Other;Karine;À contacter
Saint Laurent;LinkedIn;1;;;https://www.google.com;Other;;
Saint-Gobain Construction;Cadre Emploi;1;;;https://www.google.com;Other;;
Save;Indeed;1;;;https://save.co/;Other;;
Savs Association Aurore;Indeed;1;;;https://www.aurore.asso.fr/paris-sud-ouest-france-ouest/savs-13;Other;;
Ravimo Sas;Indeed;1;;;https://ravimoshark.com/;Other;;
Ratp Dev - France Suisse;Indeed;1;;;https://www.google.com;Other;;
Première Urgence Internationale;Indeed;1;;;https://www.google.com;Other;;
Pierre Hermé;Hello Work;1;;;https://www.pierreherme.com/;Other;;
Pierre Hermé Paris;Indeed;1;Non;;https://www.pierreherme.com/;Other;;
Place Dentaire;Indeed;1;Non;;https://placedentaire.fr/;Other;;
Plus Que Pro;Hello Work;1;;;https://www.plus-que-pro.fr/;Other;;
Pno Consultants;Indeed;1;;;https://www.pnoconsultants.com/;Other;;
Polène;Indeed;1;;;https://www.polene-paris.com/;Other;;
Prosecur Services;Indeed;1;;;https://www.prosecur.fr/;Other;;
Quadient;Hello Work;1;;;https://www.quadient.com/fr/page-d-accueil;Other;;
Radio France;Hello Work;1;;;https://www.radiofrance.fr/;Other;;
Ralph Lauren;Indeed;1;;;https://www.ralphlauren.com/;Other;;
Ramsay Santé;Indeed;1;Non;;https://www.ramsaysante.fr/;Other;;
Schneider Electric;Cadre Emploi;1;;;https://www.se.com/ww/en/;Other;;
Scribeo;Hello Work;1;;;https://scribeo.com/;Other;;
Sopra Steria;Cadre Emploi;1;;;https://www.soprasteria.com/;Other;;
Sorrel;Indeed;1;;;https://en.wikipedia.org/wiki/Sorrel;Other;;
Sportcarriere;LinkedIn;1;;;https://www.google.com;Other;;
Sony Music;Indeed;1;;;https://www.google.com;Other;;
Startups France;Cadre Emploi;1;;;https://www.alliancy.fr/linkedin-20-startups-prometteuses;Other;;
Stef;Hello Work;1;;;https://www.stef.com/corporate/en;Other;;
Sucheme;Indeed;1;;;https://www.google.com;Other;;
Sony Music Entertainment;LinkedIn;1;;;https://www.google.com;Other;;
Sofres;Cadre Emploi;1;;;https://www.google.com;Other;;
Scutum France;LinkedIn;1;;;https://www.google.com;Other;;
Sipartech;Indeed;1;;;https://www.google.com;Other;;
Segula Technologies;Hello Work;1;Non;;https://www.segulatechnologies.com/fr/;Other;;
Selarl Schaeffer Avocats;Indeed;1;;;https://schaeffer-avocats.com/;Other;;
Lateliers;Indeed;1;;;https://www.google.com;Other;;
Semmaris;Indeed;1;;;https://www.rungisinternational.com/missions;Other;;
Seris;Indeed;1;;;https://seris.fr/;Other;;
Shiseido;Hello Work;1;;;https://www.shiseido.com/;Other;;
Silver Alliance;Indeed;1;;;https://www.silveralliance.com/;Other;;
Skello;Hello Work;1;;;https://www.skello.io/;Other;;
Sofreco;Indeed;1;;;http://www.sofreco.com/FR/Accueil_S.awp;Other;;
Smac - Enveloppe Du Bâtiment / Etanchéité;LinkedIn;1;;;https://www.smac-sa.com/;Other;;
Société De Services;Indeed;1;;;https://www.google.com;Other;;
Sofitel;Indeed;1;;;https://www.google.com;Other;;
Sofrat;Hello Work;1;;;https://www.sofrat.net/;Other;;
Selfing;Indeed;1;;;https://www.selfing.fr/;Other;;
Inserm;Hello Work;1;Non;;https://www.inserm.fr/;Other;;
Lagardère Travel Retail;LinkedIn;1;;;https://www.lagardere-tr.fr/fr/;Other;;
Clariane;Indeed;1;;;https://www.google.com;Other;;
Cheval Blanc;Hello Work;1;;;https://www.google.com;Other;;
Ciamt;Hello Work;1;;;https://www.ciamt.org/;Other;;
Cielis;Hello Work;1;;;https://www.cielis.fr/;Other;;
Cig Grande Couronne;Indeed;1;;;https://www.google.com;Other;;
Citya Immobilier;Hello Work;1;Non;;https://www.citya.com/;Other;;
Cnaf;Indeed;1;;;https://www.caf.fr/;Other;;
Cnav;Indeed;1;;;https://www.lassuranceretraite.fr/portail-info/home.html;Other;;
Co-Efficience;Hello Work;1;;;https://www.google.com;Other;;
Cofigeo;Indeed;1;;;https://www.google.com;Other;;
Colas;Indeed;1;;;https://www.colas.com/fr/;Other;;
Collabkey;Indeed;1;;;https://www.google.com;Other;;
Compagnie Des Cuirs Precieux;Indeed;1;;;https://www.google.com;Other;;
Compagnie Francaise De L'Orient Et De La Chine;Indeed;1;;;https://www.google.com;Other;;
Cgr Cinemas;Indeed;1;;;https://www.cgrcinemas.fr/;Other;;
Laforêt France;Indeed;1;;;https://www.laforet.com/;Other;;
Cap Ingelec;Hello Work;1;;;https://www.capingelec.com/;Other;;
Cabinet D'Expertise;Hello Work;1;;;https://www.google.com;Other;;
Caf De Paris;Indeed;1;;;https://www.caf.fr/allocataires/caf-de-paris/nous-contacter/points-d-accueil-de-votre-caf;Other;;
Café De La Paix;Cadre Emploi;1;;;https://www.google.com;Other;;
Calypse;Indeed;1;;;https://www.google.com;Other;;
Candia;Hello Work;1;Non;;https://www.candia.fr/;Other;;
Cfe-Cgc;LinkedIn;1;;;https://www.google.com;Other;;
Cartier;Hello Work;1;Non;;https://www.cartier.com/fr-fr;Other;;
Castimm Investissements;Indeed;1;;;https://www.google.com;Other;;
Cbre;Hello Work;1;;;https://www.cbre.com/;Other;;
Cdi;Indeed;1;;;https://travail-emploi.gouv.fr/droit-du-travail/les-contrats-de-travail/article/le-contrat-de-travail-a-duree-indeterminee-cdi;Other;;
Cdiscount;Cadre Emploi;1;;;https://www.google.com;Other;;
Ceva Logistics;Indeed;1;;;https://www.google.com;Other;;
Core Paris;Indeed;1;;;https://www.google.com;Other;;
E.Leclerc;Cadre Emploi;1;Non;;https://www.e.leclerc/;Other;;
Doctrine;Indeed;1;;;https://www.doctrine.fr/;Other;;
Domaliance;Indeed;1;;;https://www.google.com;Other;;
Dpd France;LinkedIn;1;;;https://www.google.com;Other;;
Ecair;Hello Work;1;;;https://en.wikipedia.org/wiki/Equatorial_Congo_Airlines;Other;;
Eden Park;Indeed;1;Non;;https://www.eden-park.com/;Other;;
Eiffage Énergie Systèmes;Indeed;1;;;https://www.eiffageenergiesystemes.com/;Other;;
Elho News;Indeed;1;;;https://www.google.com;Other;;
Elior Group;Indeed;1;;;https://www.eliorgroup.com/;Other;;
Elis;Indeed;1;Non;;https://fr.elis.com/fr;Other;;
Emargence;Indeed;1;;;https://www.google.com;Other;;
Disney;Indeed;1;;;https://www.google.com;Other;;
Direction Des Solidarités De La Ville De Paris;Hello Work;1;Non;;https://www.paris.fr/dossiers/centre-d-action-sociale-de-la-ville-de-paris-casvp-23;Other;;
Coton Doux;Indeed;1;;;https://www.cotondoux.com/;Other;;
Covage;Indeed;1;;;https://www.covage.com/;Other;;
Cpam 92;Indeed;1;;;https://www.ameli.fr/hauts-de-seine/assure/adresses-et-contacts;Other;;
Criteo;Cadre Emploi;1;;;https://www.google.com;Other;;
Croix-Rouge Française;Indeed;1;Non;;https://www.croix-rouge.fr/;Other;;
Crédit Agricole;Indeed;1;Non;;https://www.credit-agricole.fr/;Other;;
Crédit Agricole Assurances;Hello Work;1;Non;;https://www.ca-assurances.com/;Other;;
Crédit Agricole Consumer Finance;Indeed;1;;;https://www.ca-consumerfinance.com/;Other;;
Crédit Agricole D'Ile De France;Hello Work;1;;;https://www.credit-agricole.fr/ca-paris/particulier.html;Other;;
Dalkia;Indeed;1;Non;;https://www.dalkia.fr/;Other;;
Dassault Aviation;Indeed;1;;;https://www.dassault-aviation.com/en/;Other;;
Deepnature;Indeed;1;;;https://www.google.com;Other;;
Dekra Personnel;Hello Work;1;;;https://www.dekra-personnel.fr/;Other;;
Delifrance;Indeed;1;;;https://www.delifrance.com/fr/;Other;;
Dhl;Cadre Emploi;1;;;https://www.dhl.com/us-en/home.html;Other;;
Bureau Veritas;Hello Work;1;;;https://www.bureauveritas.fr/;Other;;
Ami Paris;Hello Work;1;Non;;https://www.amiparis.com/fr;Other;;
Alstom;Cadre Emploi;1;;;https://www.google.com;Other;;
Althémis;Indeed;1;;;https://althemis.fr/;Other;;
Amaclio Productions;Indeed;1;;;https://www.google.com;Other;;
Amazon;Cadre Emploi;1;;;https://www.amazon.com/;Other;;
Amplhire;LinkedIn;1;;;https://www.google.com;Other;;
Amundi;Hello Work;1;;;https://www.google.com;Other;;
Animalis;Hello Work;1;;;https://www.animalis.com/;Other;;
Anjac Health & Beauty;Hello Work;1;;;https://www.anjac.com/en/;Other;;
Announces;Indeed;1;;;https://www.google.com;Other;;
Anses;Indeed;1;;;https://www.anses.fr/en;Other;;
Apave Alternance;Hello Work;1;;;https://www.apave.com/fr-FR/Nous-rejoindre/Nos-offres-d'alternance-de-stages;Other;;
Apei De La Boucle De La Seine;Indeed;1;;;https://www.apei-bs-asso.fr/;Other;;
Alliance Gestion;Indeed;1;;;https://www.google.com;Other;;
Airbus;Cadre Emploi;1;;;https://www.google.com;Other;;
Aigle;Indeed;1;;;https://www.aigle.com/fr/fr;Other;;
Agregio Groupe Edf;Indeed;1;;;https://www.google.com;Other;;
3C Ip Connect;Indeed;1;;;https://www.google.com;Other;;
7Experts;Indeed;1;;;https://www.google.com;Other;;
7Speaking;Indeed;1;;;https://www.7speaking.com/en/;Other;;
Abk Trade;LinkedIn;1;;;https://www.google.com;Other;;
Accor;LinkedIn;1;;;https://all.accor.com/usa/index.en.shtml;Other;;
Acheteur;Hello Work;1;;;https://www.onisep.fr/ressources/univers-metier/metiers/acheteur-acheteuse#:~:text=Son%20r%C3%B4le%20%3A%20acheter%20les%20produits,et%20de%20service%20apr%C3%A8s%2Dvente.;Other;;
Adaa Consulting;Indeed;1;;;http://www.adaaconsultants.com/;Other;;
Adone Conseil;Indeed;1;;;https://www.google.com;Other;;
Aema Groupe;Hello Work;1;;;https://www.aemagroupe.fr/;Other;;
Agence France Prestige;Hello Work;1;Non;;https://franceprestige.net/;Other;;
Axa Partners;Indeed;1;;;https://www.google.com;Other;;
Axione;Indeed;1;;;https://www.axione.com/en/;Other;;
Batimpro Charrier;Indeed;1;;;https://www.google.com;Other;;
Bayard;LinkedIn;1;;;https://www.google.com;Other;;
Bayard Sa;Indeed;1;;;https://www.groupebayard.com/fr/;Other;;
Beiersdorf;LinkedIn;1;;;https://www.google.com;Other;;
Bouygues Construction;Cadre Emploi;1;Non;;https://www.bouygues-construction.com/;Other;;
Bouygues Immobilier;Cadre Emploi;1;;;https://www.google.com;Other;;
Bouygues Travaux Publics;Indeed;1;;;https://www.bouygues-tp.com/;Other;;
Bowe Systec;Indeed;1;;;https://www.google.com;Other;;
Bpce Assurances;Hello Work;1;;;https://www.google.com;Other;;
Bredin Prat;Indeed;1;;;https://www.bredinprat.fr/fr/;Other;;
Axa En France;Hello Work;1;Non;;https://www.axa.fr/qui-sommes-nous.html;Other;;
Avipsy;Indeed;1;;;https://www.avipsy.fr/;Other;;
Auxi International;Indeed;1;;;https://www.google.com;Other;;
Aramisauto;Indeed;1;;;https://www.google.com;Other;;
Arana Facilities;Indeed;1;;;https://www.arana.fr/;Other;;
Armée De L'Air Et De L'Espace;Hello Work;1;Non;;https://www.defense.gouv.fr/air;Other;Alexandra;Contacté
Armée Du Salut;Indeed;1;;;https://www.armeedusalut.fr/;Other;;
Association Olga Spitzer;Indeed;1;;;https://www.google.com;Other;;
Aster Consulting;Hello Work;1;;;https://www.asterconsulting.fr/;Other;;
Atexis;Hello Work;1;;;https://www.atexis.com/;Other;;
Athoria;Indeed;1;;;https://athoria.fr/;Other;;
Atl Invest;Indeed;1;;;https://www.google.com;Other;;
Au Bain De Soleil;Indeed;1;;;https://www.aubaindesoleil.com/;Other;;
Audition;Indeed;1;;;https://en.wikipedia.org/wiki/Audition_(1999_film);Other;;
Autohero;Indeed;1;;;https://www.google.com;Other;;
Auvm;Indeed;1;;;https://www.auvmvaldumonde.com/;Other;;
Emerson Audit & Conseil;LinkedIn;1;;;https://www.google.com;Other;;
Emmaüs Habitat Sa D'Hlm;Indeed;1;;;https://www.emmaus-habitat.fr/;Other;;
Hôtel Dame Des Arts;Hello Work;1;;;https://www.damedesarts.com/;Other;;
Hôtel Le Walt;Cadre Emploi;1;;;https://www.google.com;Other;;
Hôtel Prince De Galles Paris;Indeed;1;;;https://www.marriott.com/fr/hotels/parlc-prince-de-galles-a-luxury-collection-hotel-paris/overview/;Other;;
Idex;Hello Work;1;;;https://www.idex.fr/en;Other;;
Ingerop;Indeed;1;;;https://www.ingerop.fr/en/;Other;;
Hutchinson;Indeed;1;;;https://www.hutchinson.com/en;Other;;
Hugo Boss;Indeed;1;;;https://www.google.com;Other;;
Hsh Group;Hello Work;1;;;https://www.hshgroup.com/;Other;;
Gsf;LinkedIn;1;;;https://www.google.com;Other;;
Haier Europe;Indeed;1;;;https://www.haier-europe.com/;Other;;
Hardis Group;Hello Work;1;;;https://www.hardis-group.com/en;Other;;
Hellofresh;Hello Work;1;;;https://www.hellofresh.fr/;Other;;
Hgn Services;Indeed;1;;;https://fr.linkedin.com/in/hgn-services-66711a160;Other;;
Hipanema;Indeed;1;;;https://www.google.com;Other;;
Histoire & Patrimoine;Indeed;1;;;https://www.histoire-patrimoine.fr/;Other;;
Histoire D'Or;Indeed;1;;;https://www.histoiredor.com/fr_FR;Other;;
Hitechpros;Hello Work;1;;;https://www.hitechpros.com/;Other;;
Hlm;Hello Work;1;;;https://www.demande-logement-social.gouv.fr/;Other;;
Houdart Et Associes;Indeed;1;;;https://www.houdart.org/;Other;;
Interspar;Cadre Emploi;1;;;https://www.google.com;Other;;
Groupe Vyv;Indeed;1;;;https://www.google.com;Other;;
Korian;Cadre Emploi;1;;;https://www.google.com;Other;;
Kass;Indeed;1;;;https://www.google.com;Other;;
Kereis France;Hello Work;1;;;https://www.kereisfrance.com/;Other;;
Keyman;Hello Work;1;;;https://keyman.fr/;Other;;
Kingfisher Plc;LinkedIn;1;;;https://www.google.com;Other;;
Kodawari Ramen;Hello Work;1;;;https://www.kodawari-ramen.com/;Other;;
Kyocera Avx Components (Saint-Apollinaire) S.A.S;Indeed;1;;;https://industrie.usinenouvelle.com/tpc-saint-apollinaire,4064;Other;;
Interstis;Hello Work;1;;;https://www.interstis.fr/;Other;;
La Banque Postale;Indeed;1;Non;;https://www.labanquepostale.fr/;Other;;
La Fonderie Ressources;Indeed;1;;;https://lafonderie-ressources.fr/;Other;;
La Marine Nationale;Hello Work;1;;;https://www.defense.gouv.fr/marine;Other;;
La Poste;Indeed;1;;;https://www.laposte.fr/;Other;;
Kairnial;LinkedIn;1;;;https://www.google.com;Other;;
Jungheinrich France S.A.S.;Indeed;1;Non;;https://www.jungheinrich.fr/;Other;;
Ippon Technologies;Indeed;1;;;https://www.google.com;Other;;
Ipsilon;Indeed;1;;;https://www.google.com;Other;;
Isova;Hello Work;1;;;https://isova.fr/;Other;;
Jacadi;Indeed;1;;;https://www.google.com;Other;;
Jacquemus;LinkedIn;1;;;https://www.jacquemus.com/en_fr;Other;;
Jacquet Brossard Distribution;Indeed;1;;;https://www.google.com;Other;;
Jacquet-Brossard - Groupe Limagrain;Hello Work;1;Non;;https://www.jacquetbrossard.com/;Other;;
Julhiet Sterwen;Indeed;1;;;https://www.julhiet-sterwen.com/en/;Other;;
Jungheinrich;Indeed;1;;;https://www.jungheinrich.fr/;Other;;
Jungheinrich France S.A.S;Indeed;1;Non;;https://www.jungheinrich.fr/;Other;;
Flatlooker;Hello Work;1;;;https://www.manda.fr/;Other;;
Family Sphere Levallois;Indeed;1;;;https://www.google.com;Other;;
Fastroad;Indeed;1;;;https://www.google.com;Other;;
First Buyer;LinkedIn;1;;;http://www.first-buyer.com/;Other;;
Fitz Group;Indeed;1;;;https://fitz-group.fr/;Other;;
Flexim Group Sa;Indeed;1;;;https://www.fleximgroup.com/;Other;;
Franfinance;Indeed;1;;;https://www.google.com;Other;;
Flichy Grangé Avocats;Indeed;1;;;https://www.google.com;Other;;
Flying Tiger Copenhague;Indeed;1;;;https://www.google.com;Other;;
Fnac;Cadre Emploi;1;Non;;https://www.fnac.com/;Other;;
Fondation De L'Armée Du Salut;Indeed;1;;;https://fr.wikipedia.org/wiki/Arm%C3%A9e_du_salut#:~:text=L'Arm%C3%A9e%20du%20salut%20(en,les%20districts%20pauvres%20de%20Londres.;Other;;
Extia;Hello Work;1;;;https://www.extia-group.com/;Other;;
Epresspack;Indeed;1;;;https://epresspack.com/;Other;;
Epsa;Hello Work;1;;;https://www.google.com;Other;;
Eramet;Hello Work;1;Non;;https://www.eramet.com/fr/;Other;;
Ergalis Banque Assurance;Indeed;1;;;https://www.google.com;Other;;
Eric Bompard;Indeed;1;;;https://www.eric-bompard.com/fr_fr;Other;;
Essity;Hello Work;1;;;http://www.essity.com/;Other;;
Est Ensemble;Indeed;1;Non;;https://www.est-ensemble.fr/;Other;;
Estée Lauder;Hello Work;1;;;https://www.esteelauder.fr/;Other;;
Eurazele;Cadre Emploi;1;;;https://www.google.com;Other;;
Eurofins;Hello Work;1;;;https://www.eurofins.com/;Other;;
Exakis Nelite;Hello Work;1;;;https://www.exakis-nelite.com/en/home/;Other;;
Française Des Jeux;Indeed;1;;;https://www.google.com;Other;;
Groupe Beaumarly;Hello Work;1;;;https://beaumarly.com/;Other;;
Groupe Bouygues;Cadre Emploi;1;;;https://www.bouygues.com/;Other;;
Groupe Bpce;Indeed;1;Non;;https://groupebpce.com/;Other;;
Groupe Casino;Cadre Emploi;1;;;https://www.groupe-casino.fr/;Other;;
Groupe Cat;Indeed;1;;;https://www.google.com;Other;;
Groupe Crit;Hello Work;1;;;https://www.groupe-crit.com/;Other;;
Groupe Edf;Cadre Emploi;1;;;https://www.edf.fr/groupe-edf;Other;;
Fraîche Cancan;Indeed;1;;;https://www.fraichecancan.com/;Other;;
Groupe Nge;Indeed;1;;;https://www.google.com;Other;;
Groupe Ortec;Indeed;1;;;https://ortec-group.com/;Other;;
Groupe Pochet;Indeed;1;;;https://www.google.com;Other;;
Groupe Puce Et Plume;Indeed;1;Non;;https://www.puceplume.fr/;Other;;
Groupe Schneider;Cadre Emploi;1;;;https://www.se.com/ww/fr/about-us/;Other;;
Groupe Seb;Cadre Emploi;1;;;http://www.groupeseb.com/fr;Other;;
Grdf;Hello Work;1;;;https://www.grdf.fr/;Other;;
Futur Digital;Indeed;1;;;https://www.futurdigital.fr/;Other;;
Fédération Française De Basketball;Indeed;1;;;https://www.ffbb.com/;Other;;
Geist;Indeed;1;;;https://en.wikipedia.org/wiki/Geist;Other;;
Gesti-Pro;Indeed;1;;;https://www.gestipro-nettoyage.fr/;Other;;
Globe Groupe;Hello Work;1;;;https://www.globe-groupe.com/?lang=fr;Other;;
Google;Cadre Emploi;1;;;https://www.google.com;Other;;
Goron S.A.S;LinkedIn;1;;;https://www.goron.fr/;Other;;
Goron S.A.S;LinkedIn;1;;;https://www.goron.fr/;Other;;
