Entreprise;source;Nombre d'offres postés les 10 derniers jours
iscod;Cadre EmploiCadre Emploi;98
partners consulting;Hello WorkHello Work;35
armée de l'air et de l'espace;Cadre EmploiCadre Emploi;33
galeries lafayette;IndeedIndeed;16
aureïs formation;Hello WorkHello Work;16
chanel;Indeed;14
grant thornton france;Cadre EmploiCadre Emploi;13
groupe kering;IndeedIndeed;12
institut f2i;Hello WorkHello Work;11
groupe igf;Hello WorkHello Work;11
louis vuitton;Indeed;10
armée de terre française;Cadre EmploiCadre Emploi;8
société générale;Indeed;8
ifcv;Hello WorkHello Work;7
exchange college;Cadre EmploiCadre Emploi;7
printemps;Indeed;7
porsche france s.a.s.;Indeed;6
1001 vies habitat;Indeed;6
nestenn immobilier;Cadre Emploi;6
capgemini;Indeed;5
era agence de la mairie;Cadre EmploiCadre Emploi;5
era l'immobilière du centre;Cadre EmploiCadre Emploi;5
era la clef saint pierre;Cadre EmploiCadre Emploi;5
era agence de l'eglise;Cadre EmploiCadre Emploi;5
hermes sellier;Indeed;5
era agence bilan immobilier;Cadre EmploiCadre Emploi;5
era les gatines;Cadre EmploiCadre Emploi;5
era nsd immobilier;Cadre EmploiCadre Emploi;5
era immoteam (s);Cadre EmploiCadre Emploi;5
era immobilier lsi;Cadre EmploiCadre Emploi;5
ramsay generale de sante;Cadre EmploiCadre Emploi;5
digital school of paris;Hello Work;5
gan assurances;Cadre EmploiCadre Emploi;5
la sécu recrute;IndeedIndeed;5
sephora;Indeed;4
maisons du monde;Indeed;4
era immoteam;Cadre EmploiCadre Emploi;4
hsbc;Hello WorkIndeed;4
alain bousoussan avocats;Indeed;4
hermes international;Indeed;4
dalkia;Cadre EmploiHello WorkCadre Emploi;3
sandro siège;Indeed;3
groupe atlantic;Cadre Emploi;3
la française;IndeedIndeed;3
de corgnol & agnes;Hello Work;3
siplec;Indeed;3
charlestown;Hello Work;3
ortec engineering;Cadre EmploiCadre Emploi;3
cea - commissariat à l'energie atomique;Indeed;3
cea;Indeed;3
dassault systemes;Cadre EmploiCadre Emploi;3
era flandre crimee;Cadre EmploiCadre Emploi;3
economat des armees;Cadre Emploi;3
mairie de drancy;Indeed;3
innocent france;Indeed;3
era mlbd immobilier;Cadre EmploiCadre Emploi;3
era acces immobilier;Cadre EmploiCadre Emploi;3
fiducial;Cadre Emploi;3
3f;Indeed;3
era la vallee immobiliere;Cadre EmploiCadre Emploi;3
era amp immo;Cadre EmploiCadre Emploi;3
balsan;Indeed;3
vinci energies;Indeed;3
totalenergies;Indeed;3
agence france prestige;Hello Work;3
veolia;Indeed;3
aventa subsea and offshore specialists;Indeed;2
evolis;Indeed;2
ifae;Hello Work;2
est ensemble;Indeed;2
sodiaal;Cadre Emploi;2
théma services;Indeed;2
assessfirst;Indeed;2
volvo group;Cadre Emploi;2
audi;Indeed;2
mahola;Indeed;2
pierre hermé paris;Indeed;2
balenciaga;Indeed;2
banque bcp;Hello Work;2
providence;Hello Work;2
pullman;Indeed;2
eiffage;IndeedIndeed;2
effience;Indeed;2
edf;Hello WorkIndeed;2
edelman;Indeed;2
lululemon;Indeed;2
spie;Indeed;2
icon plc;Indeed;2
caisse des dépots;Hello Work;2
groupe leader intérim;Indeed;2
guldmann;Indeed;2
van cleef & arpels;IndeedIndeed;2
groupe adp;Cadre Emploi;2
grant thornton;Indeed;2
grands moulins de paris;Indeed;2
gmf;Cadre Emploi;2
generali france;Indeed;2
numberly;Indeed;2
monceau assurances;IndeedIndeed;2
utb;Indeed;2
amazon europe core;Cadre Emploi;2
air products;IndeedIndeed;2
one clinic;Indeed;2
henix;Indeed;2
ops partners;Indeed;2
fnac darty;Indeed;2
cabinet d’avocats;Indeed;2
anfh;Indeed;2
approach people recruitment;Hello WorkHello Work;2
melia hotels international;Indeed;2
fastned;Indeed;2
palmer;Hello Work;2
intuis;Indeed;2
ea paris ouest;Indeed;2
kelly services;Hello Work;2
chronopost;Cadre EmploiCadre Emploi;2
bpifrance;Indeed;2
le taillevent;IndeedIndeed;2
safran;Indeed;2
bouygues telecom;Cadre Emploi;2
sodexo;Hello WorkHello Work;2
acting-finances;Indeed;2
abylsen;Cadre EmploiHello Work;2
kocoya thinklab;Indeed;2
zeiss group;Indeed;2
crédit agricole assurances;Hello Work;2
konica minolta;Indeed;2
e.leclerc;Indeed;2
coallia;Indeed;2
leasecom;Cadre EmploiIndeed;2
swiss life;Indeed;2
lefebvre sarrut;Indeed;2
seqens;Indeed;2
ramsay santé;Indeed;2
jacquet-brossard - groupe limagrain;Hello Work;2
slidor;Indeed;2
additi;Indeed;2
la tete dans la nuages;Indeed;2
live nation;Indeed;2
3shape;Indeed;2
bellerose belgium sa;Indeed;2
le groupe la poste;Indeed;2
médecins sans frontières;Indeed;1
ville d'argenteuil;Indeed;1
leader;LinkedIn;1
vilber;Indeed;1
le food corner;Indeed;1
métropole du grand paris;Indeed;1
metro france;Indeed;1
meridiam;Indeed;1
meritis;Indeed;1
mydral;Indeed;1
museum national d’histoire naturelle;Indeed;1
murex;Indeed;1
ville de bobigny;Cadre Emploi;1
ville d'issy les moulineaux;Indeed;1
mra;Hello Work;1
merci jérôme;Hello Work;1
mcgp;Indeed;1
ville de cachan;Indeed;1
vinci autoroutes;Indeed;1
vossloh cogifer s.a.;Indeed;1
webhelp medica;Indeed;1
madeho;Indeed;1
le figaro;Cadre Emploi;1
maaf;Cadre Emploi;1
ligue nationale contre le cancer;Cadre Emploi;1
natixis;Indeed;1
vp&white;Indeed;1
linedata services;Indeed;1
longevity partners;Indeed;1
lunajets;Hello Work;1
lr technologies groupe;Hello Work;1
lumapps;Indeed;1
maison francis kurkdjian;Indeed;1
malakoff humanis;Indeed;1
volkswagen group retail france;Indeed;1
mbda;Indeed;1
legrand support;Indeed;1
md & ci;Indeed;1
mcdonald's france;Indeed;1
le cercle intérimaire;Hello Work;1
malongo;Indeed;1
marriott international, inc;Indeed;1
marianne international;Hello Work;1
vital finance & patrimoine;Indeed;1
manutan;Indeed;1
mango;Indeed;1
orpea;Indeed;1
natixis sa;Indeed;1
realease capital;Indeed;1
rwe onshore/pv europe & australia;Indeed;1
rothschild & co;Indeed;1
rosa paris;Indeed;1
robocast;Indeed;1
rituals cosmetics;Indeed;1
rentokil initial;Indeed;1
ras interim;Cadre Emploi;1
saab inc.;Indeed;1
quietalis;Indeed;1
quick;LinkedIn;1
pénélope event;Hello Work;1
purchease;Indeed;1
potel et chabot;Hello Work;1
pok;Indeed;1
place des tendances;Cadre Emploi;1
place dentaire;Indeed;1
talan;Indeed;1
near;Indeed;1
sopra banking software;Indeed;1
solutec;Indeed;1
société française de radiologie;Indeed;1
sncf réseau;Hello Work;1
smile, open source solutions;Indeed;1
staraqs;Indeed;1
stmicroelectronics;Indeed;1
super recruteur;Hello Work;1
takara compagnie paris;Indeed;1
signify;Indeed;1
systea infrastructures;Hello Work;1
seine-saint-denis;Indeed;1
segula technologies;Cadre Emploi;1
sda expertise;Indeed;1
scfi;Indeed;1
savs samsah 93 apf;Indeed;1
saur;Indeed;1
sapian;Indeed;1
sécuritas aviation;Indeed;1
tb 4 temps;Indeed;1
upskills cadres et experts;Cadre Emploi;1
onepoint;Hello Work;1
ogf;Indeed;1
odalys groupe;Indeed;1
octo technology;Indeed;1
nw;Indeed;1
numéro 1 scolarité;Indeed;1
valege;Indeed;1
novecology;Indeed;1
novavet;Indeed;1
nextgroup;Indeed;1
newrest;Indeed;1
nestle operational services worldwide sa;Indeed;1
neoptim consulting;Indeed;1
neocorner;Indeed;1
neo2;Cadre Emploi;1
universite paris nanterre;Indeed;1
universcience;Indeed;1
oui.sncf;Indeed;1
technique solaire;Indeed;1
technix hv;Indeed;1
tessi;Indeed;1
the north face;Indeed;1
the walt disney company (corporate);Indeed;1
thinkproject holding gmbh;Indeed;1
piano;Indeed;1
philip morris international;Indeed;1
pharma licensing club france;Indeed;1
penser mieux l'énergie;Hello Work;1
tradalliance;Indeed;1
ubs;Indeed;1
paris habitat;Indeed;1
paradox museum paris;Indeed;1
union access services;Indeed;1
universal medica;Indeed;1
point vision;Indeed;1
ifae business school;Hello Work;1
lch;Indeed;1
chenut oliveira santiago;Indeed;1
credit agricole titres;Indeed;1
coty;Indeed;1
consort group;Hello Work;1
communauté de communes chinon vienne et loire;Indeed;1
collège de paris développement;Indeed;1
cojean;Indeed;1
clubfunding-group;Indeed;1
citygo;Indeed;1
citya immobilier;Indeed;1
cio cibnatixis;Indeed;1
cic crédit industriel et commercial;Indeed;1
cfao;Indeed;1
cezam;Indeed;1
cbre gws france;Indeed;1
cartier;Indeed;1
carhartt work in progress;Indeed;1
capgemini engineering;Indeed;1
candia;Cadre Emploi;1
caisse des dépôts et consignations;Indeed;1
caceis;Hello Work;1
cabinet de recrutement de travailleurs handicapés;Hello Work;1
brunet;Cadre Emploi;1
credit industriel et commercial;Indeed;1
crit france;Indeed;1
easyreprise;Indeed;1
easylife;Indeed;1
département de l'essonne;Cadre Emploi;1
drfip paris;Indeed;1
dr martens;Indeed;1
distriplus;Indeed;1
disneyland paris;Indeed;1
direction des solidarités de la ville de paris;Hello Work;1
diot-siaci;Hello Work;1
digital college;Indeed;1
dfm;Indeed;1
determinant;Indeed;1
destia;Indeed;1
deskeo;Indeed;1
delacommune et dumont sccc;Indeed;1
deichmann;Hello Work;1
daven partners;Indeed;1
danew electronics;Indeed;1
daimler buses france;Indeed;1
cuisines aviva clichy;Indeed;1
crédit agricole immobilier;Indeed;1
crédit agricole;Indeed;1
croix-rouge française;Indeed;1
brevo;Indeed;1
bpce achats;Indeed;1
eiffage branche metal;Cadre Emploi;1
apleona;Indeed;1
apave;Indeed;1
angelina;Indeed;1
ami paris;Indeed;1
american hospital of paris;Indeed;1
amalo recrutement;Hello Work;1
altermundi;Indeed;1
alten;Cadre Emploi;1
altarea management;Indeed;1
all technics communication;Indeed;1
aljt;Indeed;1
airsup;Hello Work;1
bouygues construction;Cadre Emploi;1
airap sa;Indeed;1
aides;Indeed;1
agence profil paris;Indeed;1
agence mg;Indeed;1
agence alizée hôtesses;Indeed;1
affaires étrangères et du développement international;Indeed;1
admr;Indeed;1
action contre la faim;Indeed;1
abc liv;Indeed;1
aptitude experts;Indeed;1
arc'teryx;Indeed;1
boralex;Indeed;1
bnp paribas;Hello Work;1
biocodex;Indeed;1
besins international;Indeed;1
bene gmbh;Indeed;1
bene bono;Indeed;1
beeline group;Indeed;1
beautéprivée;Indeed;1
beaumarly;Indeed;1
banque palatine;Indeed;1
banque delubac et compagnie;Cadre Emploi;1
axa en france;Hello Work;1
avenir rh;Indeed;1
auto-entrepreneur;Indeed;1
audioptic;Indeed;1
audiens;Indeed;1
auchan hypermarché sas;Indeed;1
asten santé;Indeed;1
arteris;Indeed;1
armonis;Indeed;1
armand thiery;Cadre Emploi;1
arkeup;Hello Work;1
arcoa;Indeed;1
eden park;Indeed;1
eiffage route;Cadre Emploi;1
lazard;Indeed;1
idf - keolis roissy pays de france ouest;Indeed;1
intertrad;Indeed;1
inter service esthetique;Indeed;1
institut de management d'aubervilliers;Indeed;1
inserm;Indeed;1
ins;Indeed;1
inria;Indeed;1
inmemori;Indeed;1
impactup cabinet conseil.;Hello Work;1
impact sales & marketing;Indeed;1
impact recrutement;Hello Work;1
ifeth formation;Hello Work;1
ifae accueil;Hello Work;1
idf - keolis argenteuil boucles de seine;Indeed;1
hachette livre;Indeed;1
hyatt paris madeleine;Indeed;1
hub one;Cadre Emploi;1
hospitality on;Indeed;1
hexagon;Cadre Emploi;1
henley it;Indeed;1
hello syndic;Indeed;1
heineken entreprise;Cadre Emploi;1
hard rock international (usa), inc.;Indeed;1
haier;Indeed;1
invivo;Indeed;1
iscod alternance;Hello Work;1
iserba;Cadre Emploi;1
itss;Indeed;1
latham & watkins llp;Indeed;1
lagardere;Indeed;1
la poste groupe;Hello Work;1
la maison du chocolat;Indeed;1
la famille - finest lunch;Indeed;1
la banque postale;Hello Work;1
l'atelier des chefs;Indeed;1
kyowa kirin international;Indeed;1
ks services;Indeed;1
kpmg;Indeed;1
klb group;Indeed;1
khea concept;Cadre Emploi;1
kelly tertiaire;Indeed;1
kedge business school;LinkedIn;1
kedge bs;Indeed;1
kaliti;Indeed;1
kado events;Indeed;1
jungheinrich france s.a.s.;Indeed;1
jd sports;Indeed;1
jahia;Indeed;1
iéseg school of management;Indeed;1
iziwork;Indeed;1
hachette livre editions larousse;Cadre Emploi;1
h3 campus;Hello Work;1
ekimetrics;Indeed;1
foncia groupe;Cadre Emploi;1
fnac;Hello Work;1
ffb;Cadre Emploi;1
fcai (fayat construction achats investissements);Cadre Emploi;1
fairmat;Indeed;1
extia ingenierie;Indeed;1
expertise france;Indeed;1
exens solutions;Indeed;1
eurosyn;Indeed;1
euronext;Indeed;1
erm group;Indeed;1
gustave roussy;Cadre Emploi;1
eri;Indeed;1
eramet;Indeed;1
equans;Indeed;1
epicene;Cadre Emploi;1
ennov;Indeed;1
engie energie services;Indeed;1
engie;Cadre Emploi;1
emmaus connect;Indeed;1
elysis idf;Indeed;1
elysis consulting;Cadre Emploi;1
elis;Cadre Emploi;1
fondation de france;Indeed;1
foo seng;Indeed;1
force interim;Cadre Emploi;1
francare;Indeed;1
gse france;Indeed;1
groupe puce et plume;Indeed;1
groupe primonial;Hello Work;1
groupe poste habitat;Indeed;1
groupe philéo;Indeed;1
groupe imf - imagerie moleculaire et fonctionnelle;Indeed;1
groupe imestia;Indeed;1
groupe helios - la courneuve siège;Indeed;1
groupe gr5;Indeed;1
groupe ficade;Indeed;1
groupe duval;Hello Work;1
groupe cyril lignac;Indeed;1
groupe crédit coopératif;Indeed;1
groupe chantelle lingerie;Cadre Emploi;1
groupe bpce;Indeed;1
groupe barrière;Indeed;1
gms;Hello Work;1
gl events;Hello Work;1
geodis;Indeed;1
gecodis;Cadre Emploi;1
galileo global education france;Indeed;1
fromageries bel;Cadre Emploi;1
frerejean freres;Indeed;1
frans bonhomme;Hello Work;1
france terre d'asile;Indeed;1
élivie;Indeed;1
